,日文名,中文名,類型,威力,命中,PP/上限,先制,模式,要害,攻擊範圍,描述,TM,HM,type
0,あくび,哈欠,變化,0.0,0.0,10,,,,對方單體,下回合結束時，對手陷入「睡眠」狀態。對手在這之前便被換下場時則不會發生效果。,,,普
1,あくまのキッス,惡魔之吻,變化,0.0,0.75,10,,,,對方單體,對手陷入「睡眠」狀態。,,,普
2,あさのひざし,晨光,變化,0.0,0.0,5,,,,隊友,恢復自己HP最大值的2分之1，效果會因天候改變，「ひざしがつよい（晴天）」時為3分之2，「あめ（下雨）」、「あられ（冰雹）」、「すなあらし（沙塵）」時則是4分之1。,,,普
3,あばれる,大鬧一番,物理,120.0,1.0,10,,,,我方全員,2到3回合連續攻擊（攻擊中無法操作）。效果結束後，自己陷入「混亂」狀態。,,,普
4,あまいかおり,甜甜香氣,變化,0.0,1.0,20,,,,自身,使對手的「迴避率」降低兩階級。冒險中使用：在會有野生Pokemon出現的場所使用時，將會立刻遇到野生Pokemon。,,,普
5,いあいぎり,居合斬,物理,50.0,0.95,30,,,,對方單體,普通的攻擊。冒險中使用：可砍掉帶刺的樹木，使該處變得能夠通行。,,,普
6,いかり,憤怒,物理,20.0,1.0,20,,,,對方單體,對手的攻擊每次命中，自己的「攻擊」就提升一階級。,,,普
7,いかりのまえば,憤怒門牙,物理,--,0.9,10,,,,對方單體,使對手的HP的減半。,,,普
8,いたみわけ,分擔痛楚,變化,0.0,0.0,20,,,,對方單體,將自己的與對手的HP相加後，互相獲得一半。,,,普
9,いにしえのうた,古老之歌,特殊,75.0,1.0,10,,,,自身,有100%的機率使對手陷入「睡眠」狀態。,,,普
10,いばる,虛張聲勢,變化,0.0,0.85,15,,,,對方單體,雖然可使對手陷入「混亂」狀態，但也會讓「攻擊」提升兩階級。,87.0,,普
11,いびき,打鼾,特殊,50.0,1.0,15,,,,對方單體,限自己處於「睡眠」狀態時有效。有30%機率引發使對手產生「畏懼」反應的追加效果。即使對手使出「みがわり」，攻擊依然可命中。,,,普
12,いやしのすず,治癒鈴聲,變化,0.0,0.0,5,,,,對方全體,含隊伍成員在內，治療我方Pokemon的所有異常狀態。即使我方使出「みがわり」也依然有效。,,,普
13,いやなおと,刺耳聲,變化,0.0,0.85,40,,,,對方單體,使對手的「防禦」降低兩階級。即使對手使出「みがわり」。攻擊依然可命中。,,,普
14,うたう,唱歌,變化,0.0,0.55,15,,,,對方單體,使對手陷入「睡眠」狀態。即使對手使出「みがわり」。攻勢依然可命中。,,,普
15,えんまく,煙幕,變化,0.0,1.0,20,,,,對方單體,使對手的「命中率」降低一階級。,,,普
16,おいわい,慶祝,變化,0.0,0.0,40,,,,隊友,向主角恭賀生日。,,,普
17,おうふくビンタ,連環巴掌,物理,15.0,0.85,10,,,,對方單體,連續二到五次的攻擊。37.5%攻擊2或3次、12.5%攻擊4或5次。,,,普
18,おさきにどうぞ,您先請,變化,0.0,0.0,15,,,,對方單體,可無視「速度」影響，將對象Pokemon的行動強制移到這個招式之後，限該回合有效，對原本行動順序就是如此，或是已經結束行動的Pokemon使用時則失敗。,,,普
19,おたけび,戰吼,變化,0.0,1.0,30,,,,對方單體,使對手的「攻擊」、「特攻」降低一階級。,,,普
20,おまじない,幸運咒語,變化,0.0,0.0,30,,,,全場場地,5回合內，對手的攻擊不會命中要害。,,,普
21,おんがえし,報恩,物理,--,1.0,20,,,,對方單體,親密度越高威力越大，威力＝親密度×（10÷25 ），威力1~102。,27.0,,普
22,かいりき,怪力,物理,80.0,1.0,15,,,,對方單體,普通的攻擊。冒險中使用：可移開巨大的岩石，使該處變得能夠通行。,,,普
23,かぎわける,氣味偵測,變化,0.0,0.0,40,,,,對方單體,攻擊將可忽視對手的迴避率，可使「普」、「格」屬性的攻擊能夠擊中「鬼」系的Pokemon。,,,普
24,かくばる,棱角化,變化,0.0,0.0,30,,,,隊友,使自己的「攻擊」提升一階級。,,,普
25,かげぶんしん,影子分身,變化,0.0,0.0,15,,,,隊友,使自己的「迴避率」提升一階級。,32.0,,普
26,かたきうち,報仇,物理,70.0,1.0,5,,,,對方單體,上一回合有同伴被打倒時，威力增加為2倍。,,,普
27,かたくなる,變硬,變化,0.0,0.0,30,,,,隊友,使自己的「防禦」提升一階級。,,,普
28,かなしばり,定身法,變化,0.0,1.0,20,,,,對方單體,使對手最後使用的招式在4回合內都無法再使用。,,,普
29,かまいたち,旋風刀,特殊,80.0,1.0,10,,,,自身,第一回合蓄力，第二回合攻擊的招式，較容易命中要害。攻擊命中複數Pokemon時，威力降為0.75倍。,,,普
30,からげんき,硬撐,物理,70.0,1.0,20,,,,對方單體,自己處於「中毒」、「麻痺」、「燒傷」狀態時，威力則增加為2倍。,42.0,,普
31,からみつく,纏繞,物理,10.0,1.0,35,,,,對方單體,有10%機率引發使對手「速度」降低一階級的追加效果。,,,普
32,からをやぶる,破殼,變化,0.0,0.0,15,,,,隊友,自己的「防禦」、「特防」降低一階級，但「攻擊」、「特攻」、「速度」提升兩階級。,,,普
33,がまん,忍耐,物理,--,0.0,10,1.0,,,隊友,將使用招式後2回合內（期間內無法操作）受到的傷害以2倍還擊。,,,普
34,がむしゃら,蠻幹,物理,--,1.0,5,,,,對方單體,對手HP多於自己時才能命中，對手HP減為與自己相同。,,,普
35,きあいだめ,聚氣,變化,0.0,0.0,30,,,,隊友,之後使出的招式將會較容易命中要害。,,,普
36,きつけ,清醒,物理,70.0,1.0,10,,,,對方單體,對陷入「麻痺」狀態的對手，招式威力增加為2倍，但也會治好「麻痺」狀態。,,,普
37,きりさく,劈開,物理,70.0,1.0,20,,,,對方單體,較容易命中要害。,,,普
38,きりふだ,王牌,特殊,--,0.0,5,,,,對方單體,攻擊必定命中對手。剩餘的PP愈少，招式威力愈強（最高為200）。8~5PP=40、4PP=50、3PP=60、2PP=80、1PP=200。,,,普
39,くすぐる,撓癢,變化,0.0,1.0,20,,,,對方單體,使對手的「攻擊」、「防禦」降低一階級。,,,普
40,くろいまなざし,黑色目光,變化,0.0,0.0,5,,,,對方單體,對手將無法逃走。對戰時則將無法替換（交替效果取消）。,,,普
41,こうそくスピン,高速旋轉,物理,20.0,1.0,40,,,,對方單體,解除自身的捆縛攻擊，如「やどりぎのタネ」、「まきつく」、「うずしお」、「ほのおのうず」等，以及己方場上的「まきびし」、「どくびし」、「ステルスロック」。,,,普
42,こころのめ,心之眼,變化,0.0,0.0,5,,,,對方單體,下回合之攻擊必定命中。,,,普
43,このゆびとまれ,看我嘛,變化,0.0,0.0,20,2.0,,,隊友,必定先出招，對手所有招式都將由自己承受。,,,普
44,こらえる,挺住,變化,0.0,0.0,10,4.0,,,隊友,在該回合中，即使遭受會造成「瀕死」狀態的攻勢，仍能保持1的HP，連續使用時，成功率會降低50%。,,,普
45,こわいかお,鬼面,變化,0.0,1.0,10,,,,對方單體,使對手的「速度」降低兩階級。,,,普
46,さきどり,搶先一步,變化,--,0.0,20,,,,己方場地,以1.5倍威力自行使出對手預定要用的攻擊類招式，無法比對手先攻勢時則會失敗。,,,普
47,さばきのつぶて,制裁光礫,特殊,100.0,1.0,10,,,,對方單體,根據自己裝備的石板改變屬性,,,普
48,さわぐ,吵鬧,特殊,90.0,1.0,10,,,,我方全員,持續騷動2~5回合，在這段時間內，雙方都不會陷入「睡眠」狀態。即使對手做出「みがわり」，攻擊依然可命中。,,,普
49,しぜんのちから,自然之力,變化,0.0,0.0,20,,,,對方單體,可使出的招式會根據地形而改變。在草叢或草地為「エナジーボール」、地面與沙地是「だいちのちから」、洞窟是「パワージェム」、水上、水池、淺灘為「ハイドロポンプ」、濕地是「どろばくだん」、冰上是「れいとうビーム」、雪原為「こおりのいぶき」、室內與「Wi-Fi battles」為「トライアタック」、「ベノムトラップ」是「はなふぶき」、「いじげんホール」是「エナジーボール」、「キングシールド」則是「１０まんボルト」。,96.0,,普
50,しぜんのめぐみ,自然之恩,物理,--,1.0,15,,,,對方單體,屬性與威力會根據攜帶的「果實」而改變。使用過本招式後、「果實」也會隨之消失，沒有攜帶「果實」時則會失敗。,,,普
51,しっぽをふる,搖尾巴,變化,0.0,1.0,30,,,,自身,使對手的「防禦」降低一階級。,,,普
52,しぼりとる,絞緊,特殊,--,1.0,5,,,,對方單體,對手剩下的HP越多，則威力越大。威力=對手餘下HP×120÷對手最大HP（捨棄小數點）。威力1~120。,,,普
53,しめつける,綁緊,物理,15.0,0.85,20,,,,對方單體,4到5回內期間，每回合結束時使對手受到HP最大值8分之1的損傷。期間內對手無法逃走。,,,普
54,しんそく,神速,物理,80.0,1.0,5,2.0,,,對方單體,發動先制攻擊（雙方使出相同的招式時，以「速度」較高者優先）。,,,普
55,しんぴのまもり,神秘守護,變化,0.0,0.0,25,,,,全場場地,5回合內不會陷入異常狀態。即使使用此招之的Pokemon被換下，效果仍會正常持續。,20.0,,普
56,じこあんじ,自我暗示,變化,0.0,0.0,10,,,,對方單體,使自己也獲得對手目前的能力變化效果。,77.0,,普
57,じこさいせい,自我再生,變化,0.0,0.0,10,,,,隊友,恢復自己HP最大值的2分之1。,,,普
58,じたばた,抓狂,物理,--,1.0,15,,,,對方單體,自己剩餘的HP愈少，招式威力愈強。N=目前HP×64÷最大HP（捨棄小數點）。Ｎ<2 威力200；2<=N<=5 威力150；6<=N<=12 威力100；13<=N<=21 威力80；22<=N<=42 威力40；N>=43 威力20。,,,普
59,じばく,自爆,物理,200.0,1.0,5,,,,全場場地,使用後成為「瀕死」狀態，攻擊命中複數Pokemon時，威力降為0.75倍。,,,普
60,すてみタックル,捨身衝撞,物理,120.0,1.0,15,,,,對方單體,自己也會受到給予對手傷害值3分之1的損傷。,,,普
61,ずつき,頭錘,物理,70.0,1.0,15,,,,對方單體,有30%機率引發使對手產生「畏懼」反應的追加效果。,,,普
62,せいちょう,生長,變化,0.0,0.0,20,,,,隊友,使自己的「攻擊」、「特攻」提升一階級。天候為「ひざしがつよい（晴天）」則提升兩階級。,,,普
63,たいあたり,撞擊,物理,40.0,1.0,35,,,,對方單體,普通的攻擊。,,,普
64,たくわえる,蓄力,變化,0.0,0.0,20,,,,隊友,使自己的「防禦」、「特防」提升一階級，最多可以累積三次。,,,普
65,たたきつける,摔打,物理,80.0,0.75,20,,,,對方單體,普通的攻擊。,,,普
66,たまなげ,投球,物理,15.0,0.85,20,,,,對方單體,連續二到五次的攻擊。37.5%攻擊2或3次、12.5%攻擊4或5次。,,,普
67,だいばくはつ,大爆炸,物理,250.0,1.0,5,,,,全場場地,使用後成為「瀕死」狀態，攻擊命中複數Pokemon時，威力降為0.75倍。,64.0,,普
68,ちいさくなる,變小,變化,0.0,0.0,10,,,,隊友,使自己的迴避率提升兩階級。,,,普
69,ちょうおんぱ,超音波,變化,0.0,0.55,20,,,,對方單體,使對手陷入「混亂」狀態。即使對手使出「みがわり」，攻擊依然可命中。,,,普
70,つのでつく,角撞,物理,65.0,1.0,25,,,,對方單體,普通的攻擊。,,,普
71,つのドリル,角鑽,物理,--,0.3,5,,,,對方單體,一擊就使對手陷入「瀕死」狀態，對手等級高於自己時無法命中，對手等級比自己低越多，命中率就越高，無視其他影響命中率的狀態效果。命中率＝30+攻方等級-守方等級。,,,普
72,つぼをつく,點穴,變化,0.0,0.0,30,,,,自身以外,隨機提升某項能力兩階級。,,,普
73,つるぎのまい,劍舞,變化,0.0,0.0,20,,,,隊友,使自己的「攻擊」提升兩階級。,75.0,,普
74,てかげん,手下留情,物理,40.0,1.0,40,,,,對方單體,即使給予足以造成「瀕死」狀態的傷害，對手也必定會留下1的HP。,,,普
75,てだすけ,幫助,變化,0.0,0.0,20,5.0,,,不定,使選擇幫助之同伴的招式威力增加為1.5倍。,,,普
76,てをつなぐ,牽手,變化,0.0,0.0,40,,,,不定,,,,普
77,でんこうせっか,電光一閃,物理,40.0,1.0,30,1.0,,,對方單體,發動先制攻擊（雙方使出相同的招式時，以「速度」較高者優先）。,,,普
78,とおせんぼう,擋路,變化,0.0,0.0,5,,,,對方單體,對手將無法逃走。訓練家戰時則將無法替換。,,,普
79,とおぼえ,長嚎,變化,0.0,0.0,40,,,,隊友,使自己的「特攻」提升一階級。,,,普
80,とぎすます,磨礪,變化,0.0,0.0,30,,,,隊友,,,,普
81,とげキャノン,尖刺加農炮,物理,20.0,1.0,15,,,,對方單體,連續二到五次的攻擊。37.5%攻擊2或3次、12.5%攻擊4或5次。,,,普
82,とっしん,猛撞,物理,90.0,0.85,20,,,,對方單體,自己也會受到給予對手傷害值4分之1的損傷。,,,普
83,とっておき,珍藏,物理,140.0,1.0,5,,,,對方單體,尚未將其他已學會的招式都使用過一次以上時，招式將會失敗。,,,普
84,ないしょばなし,密語,變化,0.0,0.0,20,,,,對方單體,使對手的「特攻」降低一階級。攻擊必定命中對手。即使對手使用「みがわり」時，攻擊依然命中。,100.0,,普
85,なかまづくり,找夥伴,變化,0.0,1.0,15,,,,對方單體,使對手的特性變得和自己一樣。但對部份特性會失敗。,,,普
86,なかよくする,和睦相處,變化,0.0,0.0,20,,,,對方單體,使對手的「攻擊」降低一階級。攻擊必定命中對手。,,,普
87,なきごえ,叫聲,變化,0.0,1.0,40,,,,自身,使對手的「攻擊」降低一階級。即使對手使出「みがわり」，攻擊依然可命中。,,,普
88,なしくずし,逐步擊破,物理,70.0,1.0,20,,,,對方單體,不會受到對手的能力變化影響。,,,普
89,なまける,偷懶,變化,0.0,0.0,10,,,,隊友,恢復自己HP最大值2分之1。,,,普
90,なみだめ,淚眼汪汪,變化,0.0,0.0,20,,,,對方單體,,,,普
91,にぎりつぶす,捏碎,物理,--,1.0,5,,,,對方單體,對象HP餘下越多，威力越大；威力＝120×（對象剩餘HP÷對象最大HP ）+1。,,,普
92,にらみつける,瞪眼,變化,0.0,1.0,30,,,,自身,使對手的「防禦」降低一階級。,,,普
93,ねがいごと,祈願,變化,0.0,0.0,10,,,,隊友,下回合結束時，恢復自己HP最大值的2分之1。即使更換Pokemon也有效。,,,普
94,ねこだまし,擊掌奇襲,物理,40.0,1.0,10,3.0,,,對方單體,發動先制攻擊，有100%機率引發使對手產生「畏懼」反應的追加效果。只有在出場後首次行動時才能成功。優先於其他的先制攻擊招式。,,,普
95,ねこのて,借助,變化,0.0,0.0,20,,,,隊友,隨機使用自己以外的其他同伴Pokemon之招式。,,,普
96,ねごと,夢話,變化,0.0,0.0,10,,,,隊友,隨機使用所學會的招式。限自己處於「睡眠」狀態時有效。,88.0,,普
97,のしかかり,泰山壓頂,物理,85.0,1.0,15,,,,對方單體,有30%機率引發使對手陷入「麻痺」狀態的追加效果。對手使用「ちいさくなる」時則攻擊必定命中。而且威力增加為2倍。,,,普
98,のみこむ,吞下,變化,0.0,0.0,10,,,,隊友,必須先使用過「たくわえる」後使用才能成功。「たくわえる」使用次數越多，恢復量就越多（1次：最大HP的4分之1、2次：最大HP的2分之1、3次：全HP）。因「たくわえる」而提升的「防禦」、「特防」將會恢復原狀。,,,普
99,はかいこうせん,破壞光線,特殊,150.0,0.9,5,,,,對方單體,使用後，下一回合將無法行動。,15.0,,普
100,はきだす,噴出,特殊,--,1.0,10,,,,對方單體,必須先使用過「たくわえる」後使用才能成功。「たくわえる」使用次數越多，招式威力就越強（1次：100、2次：200、3次：300）。因「たくわえる」而提升的「防禦」、「特防」將會恢復原狀。,,,普
101,はさむ,夾住,物理,55.0,1.0,30,,,,對方單體,普通的攻擊。,,,普
102,はたく,拍擊,物理,40.0,1.0,35,,,,對方單體,普通的攻擊。,,,普
103,はねる,躍起,變化,0.0,0.0,40,,,,隊友,沒有效果。,,,普
104,はらだいこ,腹鼓,變化,0.0,0.0,10,,,,隊友,使自己的HP減少HP最大值2分之1。「攻擊」提升到最高階級，餘下HP少於HP最大值2分之1會失敗。,,,普
105,ばくおんぱ,爆音波,特殊,140.0,1.0,10,,,,全場場地,即使對手使用「みがわり」，攻擊仍可命中。攻擊命中複數Pokemon時，威力降為0.75倍。,,,普
106,ひっかく,抓,物理,40.0,1.0,35,,,,對方單體,普通的攻擊。,,,普
107,ひっさつまえば,必殺門牙,物理,80.0,0.9,15,,,,對方單體,有10%機率引發使對手產生「畏懼」反應的追加效果。,,,普
108,ひみつのちから,秘密之力,物理,70.0,1.0,20,,,,對方單體,有30%機率引發下列的追加效果，此時可引發的追加效果會根據地形不同。草叢、草地為「陷入睡覺狀態」。地面、沙地是「命中率降低一階級」。洞窟是「產生畏懼反應」。水上、水池、淺灘為「攻擊降低一階級」。雪原、冰上是「陷入冰凍狀態」。室內、「Wi-Fi battles」為「陷入麻痺狀態」。,,,普
109,ふきとばし,吹飛,變化,0.0,0.0,20,,,,對方單體,結束與野生Pokemon的戰鬥。在訓練家戰中可強制對手更換Pokemon，但對手沒有可更換的Pokemon時則會失敗。當野生Pokemon的等級高於我方，或是遇到複數野生Pokemon時也會失敗。即使對手使用「まもる」、「みきり」、「かいでんぱ」、「マジカルフレイム」、「エレキフィールド」、「ファストガード」、「ワイドガード」，攻擊依然可命中。,,,普
110,ふみつけ,踩踏,物理,65.0,1.0,20,,,,對方單體,有30%機率引發使對手產生「畏懼」反應的追加效果。對手使用「ちいさくなる」時則攻擊必定命中，而且威力增加為2倍。,,,普
111,ふるいたてる,自我激勵,變化,0.0,0.0,30,,,,隊友,使自己的「攻擊」、「特攻」提升一階級。,1.0,,普
112,へびにらみ,大蛇瞪眼,變化,0.0,1.0,30,,,,對方單體,使對手陷入「麻痺」狀態。,,,普
113,へんしん,變身,變化,0.0,0.0,10,,,,對方單體,變身為對手，擁有完全相同的特性與招式（招式的PP均為5）。,,,普
114,ほえる,吼叫,變化,0.0,0.0,20,,,,對方單體,結束與野生Pokemon的戰鬥。在訓練家戰中可強制對手更換Pokemon，但對手沒有可更換的Pokemon時則會失敗。當野生Pokemon的等級高於我方，或是遇到複數野生Pokemon時也會失敗。即使對手使用「みがわり」、「まもる」、「みきり」、「かいでんぱ」、「マジカルフレイム」、「エレキフィールド」，攻擊依然可命中。,5.0,,普
115,ほごしょく,保護色,變化,0.0,0.0,20,,,,隊友,使自己的屬性隨地形改變。草叢、草地、「いじげんホール」為「草」。地面、沙地、濕地是「地」。洞窟是「岩」。水上、水池、淺灘為「水」。雪原、冰上是「冰」。室內、「スカイバトル」為「普」。「ベノムトラップ」是「妖」。「キングシールド」為「電」。,,,普
116,ほしがる,渴望,物理,60.0,1.0,25,,,,對方單體,當對手擁有道具而且自己沒有攜帶道具時，可奪取道具占為己有。對手沒宥攜帶道具時則是普通的攻擊。,,,普
117,ほろびのうた,滅亡之歌,變化,0.0,0.0,5,,,,全場場地,使用此招時在場上的所有Pokemon，都會在3回合後陷入「瀕死」狀態。即使對手使出「みがわり」，攻擊依然可命中。,,,普
118,ほんきをだす　こうげき,認真起來大爆擊,物理,210.0,0.0,1,,,,對方單體,,,,普
119,まきつく,緊束,物理,15.0,0.9,20,,,,對方單體,4到5回合期間，每回合結束時使對手受到HP最大值8分之1的損傷。期間內對手無法逃走。,,,普
120,まねっこ,仿效,變化,0.0,0.0,20,,,,隊友,使出前一個出現的招式。,,,普
121,まもる,守住,變化,0.0,0.0,10,4.0,,,隊友,防禦對手該回合的攻擊。連續使用時，成功率會降低50%。,17.0,,普
122,まるくなる,變圓,變化,0.0,0.0,40,,,,隊友,使自己的「防禦」提升一階級。,,,普
123,みがわり,替身,變化,0.0,0.0,10,,,,隊友,消耗自己HP最大值的4分之1，創造出自己的分身。,90.0,,普
124,みだれづき,亂擊,物理,15.0,0.85,20,,,,對方單體,連續二到五次的攻擊。37.5%攻擊2或3次、12.5%攻擊4或5次。,,,普
125,みだれひっかき,亂抓,物理,18.0,0.8,15,,,,對方單體,連續二到五次的攻擊。37.5%攻擊2或3次、12.5%攻擊4或5次。,,,普
126,みねうち,點到為止,物理,40.0,1.0,40,,,,對方單體,即使給予足以造成「瀕死」狀態的傷害，對手也必定會留下1的HP。,54.0,,普
127,みやぶる,識破,變化,0.0,0.0,40,,,,對方單體,攻擊將可忽視對手的迴避率。可使「普」、「格」屬性的攻擊能夠擊中「鬼」系的Pokemon。,,,普
128,めざめるダンス,覺醒之舞,特殊,90.0,1.0,15,,,,對方單體,,,,普
129,めざめるパワー,覺醒力量,特殊,60.0,1.0,15,,,,對方單體,屬性及威力(30~70)隨著Pokemon的個體值而變化。,10.0,,普
130,ものまね,模仿,變化,0.0,0.0,10,,,,對方單體,可複製對手最後一次使用的招式供自己使用，限該場戰鬥有效（複製的招式pp均為5）。在對手使用招式前就先出招的話會失敗。,,,普
131,やつあたり,遷怒,物理,--,1.0,20,,,,對方單體,招式威力隨親密程度而改變，親密程度愈低則威力愈強（1~102）。威力=（255-親密度）×2÷5。,21.0,,普
132,ゆうわく,誘惑,變化,0.0,1.0,20,,,,自身,使對手的「特攻」降低兩階級，但對象必須是異性。,,,普
133,ゆびをふる,揮指,變化,0.0,0.0,10,,,,隊友,隨機使出招式。,,,普
134,りんしょう,輪唱,特殊,60.0,1.0,15,,,,對方單體,同一回合內有複數Pokemon使出「りんしょう」時，將可配合首先使出「りんしょう」者同時出招。後出的「りんしょう」之威力增強為2倍。即使對手使出「みがわり」，攻擊依然可命中。,48.0,,普
135,れんぞくパンチ,連續拳,物理,18.0,0.85,15,,,,對方單體,連續二到五次的攻擊。37.5%攻擊2或3次、12.5%攻擊4或5次。,,,普
136,わるあがき,掙扎,物理,50.0,0.0,1,,,,我方全員,全部招式PP用完時使用的招式，每次攻擊減去HP最大值的4分之1，無視對手屬性。,,,普
137,アフロブレイク,爆炸頭突擊,物理,120.0,1.0,15,,,,對方單體,自己也會受到給予對手傷害值4分之1的損傷。,,,普
138,アンコール,再來一次,變化,0.0,1.0,5,,,,對方單體,使對手重複使用最後使出的招式，效果持續3回合。,,,普
139,ウェザーボール,氣象球,特殊,50.0,1.0,10,,,,對方單體,招式屬性隨天候而改變，「ひざしがつよい（晴天）」時為火，「あめ（下雨）」時為水，「あられ（冰雹）」時為冰，「すなあらし（沙塵）」時則是岩。上述天候狀態時，威力增加為2倍。,,,普
140,ウルトラダッシュアタック,究極無敵大衝撞,物理,--,0.0,1,,,,對方單體,,,,普
141,エコーボイス,回聲,特殊,40.0,1.0,15,,,,對方單體,威力可藉由「每回合持續使用」的方式提升（最高為200）。即使由不同Pokemon使用，效果仍可延續，但中斷使用時威力就會恢復原值，即使對手使出「みがわり」，攻擊依然可命中。,49.0,,普
142,ギガインパクト,終極衝擊,物理,150.0,0.9,5,,,,對方單體,使用後的下一回合將無法行動。,68.0,,普
143,ギフトパス,傳遞禮物,變化,0.0,0.0,15,,,,對方單體,自己帶有道具而且對手沒有道具時，可將道具交給對手。自己沒帶道具或對手持有道具時，招式將會失敗。,,,普
144,シンプルビーム,單純光束,變化,0.0,1.0,15,,,,對方單體,將對手的特性變成「たんじゅん」。但對部份特性會失敗。,,,普
145,スイープビンタ,掃尾拍打,物理,25.0,0.85,10,,,,對方單體,連續二到五次的攻擊。37.5%攻擊2或3次、12.5%攻擊4或5次。,,,普
146,スケッチ,寫生,變化,0.0,0.0,1,,,,對方單體,複製對手最後使用的招式。成功時，會忘記自己原本學會的「スケッチ」，變成複製之招式。,,,普
147,スピードスター,高速星星,特殊,60.0,0.0,20,,,,自身,攻擊必定命中對手。攻擊命中複數Pokemon時，威力則降為0.75倍。,,,普
148,スポットライト,聚光燈,變化,0.0,0.0,15,3.0,,,對方單體,,,,普
149,ソニックブーム,音爆,特殊,--,0.9,20,,,,對方單體,給予固定為20點的傷害。,,,普
150,タマゴうみ,生蛋,變化,0.0,0.0,10,,,,隊友,恢復自己HP最大值的2分之1。冒險中使用：將自己的HP最大值的的5分之1分給隊中其他Pokemon。,,,普
151,タマゴばくだん,炸蛋,物理,100.0,0.75,10,,,,對方單體,普通的攻擊。,,,普
152,ダブルアタック,二連擊,物理,35.0,0.9,10,,,,對方單體,連續兩次的攻擊。,,,普
153,テクスチャー,紋理,變化,0.0,0.0,30,,,,隊友,將自己的屬性變為自己其中一個招式的屬性,,,普
154,テクスチャー２,紋理２,變化,0.0,0.0,30,,,,對方單體,將自己的屬性變為最後受到攻擊的招式的屬性，且傷害會減半或無效的屬性,,,普
155,テクノバスター,高科技光炮,特殊,120.0,1.0,5,,,,對方單體,屬性隨自己裝備的磁帶不同而改變,,,普
156,トライアタック,三重攻擊,特殊,80.0,1.0,10,,,,對方單體,有20%機率引發使對手陷入「麻痺」、「燒傷」、「冰凍」狀態其中之一的追加效果。,,,普
157,ナインエボルブースト,九彩昇華齊聚頂,變化,0.0,0.0,1,,,,隊友,,,,普
158,ネコにこばん,聚寶功,物理,40.0,1.0,20,,,,對方單體,戰鬥完結後，可得到級別×攻擊次數×5的金錢。,,,普
159,ハイパーボイス,巨聲,特殊,90.0,1.0,10,,,,自身,即使對手使用「みがわり」，攻擊仍可命中。攻擊命中複數Pokemon時，威力降為0.75倍。,,,普
160,ハサミギロチン,斷頭鉗,物理,--,0.3,5,,,,對方單體,一擊就使對手陷入「瀕死」狀態，對手等級高於自己時無法命中，對手等級比自己低越多，命中率就越高，無視其他影響命中率的狀態效果。命中率＝30+攻方等級-守方等級。,,,普
161,ハッピータイム,歡樂時光,變化,0.0,0.0,30,,,,全場場地,戰鬥完結後，可得到兩倍的金錢。,,,普
162,バトンタッチ,接棒,變化,0.0,0.0,40,,,,隊友,更換為候補的其他Pokemon，新登場者會繼承更換前的能力變化狀態。,,,普
163,ピヨピヨパンチ,迷昏拳,物理,70.0,1.0,10,,,,對方單體,有20%機率引發使對手陷入「混亂」狀態的追加效果。,,,普
164,フェイント,佯攻,物理,30.0,1.0,10,2.0,,,對方單體,發動先制攻擊。即使對手已使用「まもる」、「みきり」、「かいでんぱ」、「マジカルフレイム」、「エレキフィールド」、「ファストガード」、「ワイドガード」，攻擊依然可命中並解除以上防禦效果。,,,普
165,フラッシュ,閃光,變化,0.0,1.0,20,,,,對方單體,使對手的「命中率」降低一階級。冒險中使用：使洞窟內視野變得較為良好，不容易遇到野生Pokemon。,,,普
166,フラフラダンス,搖晃舞,變化,0.0,1.0,20,,,,全場場地,使對手陷入「混亂」狀態。,,,普
167,ブレイククロー,撕裂爪,物理,75.0,0.95,10,,,,對方單體,有50%機率引發使對手「防禦」降低一階級的追加效果。,,,普
168,プレゼント,禮物,物理,--,0.9,15,,,,對方單體,威力為40的機率是40%，威力為80的機率是30%，威力為120的機率是10%，使對手恢復其HP最大值4分之1的機率則是20%。,,,普
169,マルチアタック,多屬性攻擊,物理,90.0,1.0,10,,,,對方單體,,,,普
170,ミラータイプ,鏡面屬性,變化,0.0,0.0,15,,,,對方單體,自己的屬性變成與對手相同。,,,普
171,ミルクのみ,喝牛奶,變化,0.0,0.0,10,,,,隊友,恢復自己HP最大值的2分之1。冒險中使用：將自己的HP最大值的的5分之1分給隊中其他Pokemon。,,,普
172,メガトンキック,百萬噸重踢,物理,120.0,0.75,5,,,,對方單體,普通的攻擊。,,,普
173,メガトンパンチ,百萬噸重拳,物理,80.0,0.85,20,,,,對方單體,普通的攻擊。,,,普
174,メロメロ,迷人,變化,0.0,1.0,15,,,,對方單體,使對手有50%機率無法發動攻擊，但對象必須是異性。,45.0,,普
175,リサイクル,回收利用,變化,0.0,0.0,10,,,,隊友,可再次使用已用過的攜帶道具。,,,普
176,リフレッシュ,煥然一新,變化,0.0,0.0,20,,,,隊友,治療「中毒」、「劇毒」、「麻痺」、「燒傷」狀態。,,,普
177,ロケットずつき,火箭頭錘,物理,130.0,1.0,10,,,,對方單體,第一回合蓄力，第二回合攻擊，第一回合可使自己的「防禦」提升一階級。,,,普
178,ロックオン,鎖定,變化,0.0,0.0,5,,,,對方單體,下回合的攻擊必定命中。,,,普
179,ロッククライム,攀岩,物理,90.0,0.85,20,,,,對方單體,有20%機率引發使對手陷入「混亂」狀態的追加效果。,,,普
180,あおいほのお,青焰,特殊,130.0,0.85,5,,,,對方單體,有20%機率引發使對手陷入「燒傷」狀態的追加效果。,,,火
181,おにび,鬼火,變化,0.0,0.85,15,,,,對方單體,使對手陷入「燒傷」狀態。,61.0,,火
182,かえんぐるま,火焰輪,物理,60.0,1.0,25,,,,對方單體,有10%機率引發使對手陷入「燒傷」狀態的追加效果。對手處於「冰凍」狀態時，冰將會融化。在自己處於「冰凍」狀態時也可以使用。可將自己的冰融化。,,,火
183,かえんだん,火焰彈,特殊,100.0,1.0,5,,,,全場場地,有30%機率引發使對手陷入「燒傷」狀態的追加效果。,,,火
184,かえんほうしゃ,噴射火焰,特殊,90.0,1.0,15,,,,對方單體,有10%機率引發使對手陷入「燒傷」狀態的追加效果。對手處於「冰凍」狀態時，冰將會融化。,35.0,,火
185,せいなるほのお,神聖之火,物理,100.0,0.95,5,,,,對方單體,有50%機率引發使對手陷入「燒傷」狀態的追加效果。在自己處於「冰凍」狀態時也可以使用，可將自己的冰融化。,,,火
186,だいもんじ,大字爆炎,特殊,110.0,0.85,5,,,,對方單體,有10%機率引發使對手陷入「燒傷」狀態的追加效果。對手處於「冰凍」狀態時，冰將會融化。,38.0,,火
187,にほんばれ,大晴天,變化,0.0,0.0,5,,,,對方隨機,使天候在5回內處於「ひざしがつよい（晴天）」狀態。「ひざしがつよい（晴天）」狀態時、火屬性招式的威力增加為1.5倍。水屬性招式的威力減為0.5倍。,11.0,,火
188,ねっぷう,熱風,特殊,95.0,0.9,10,,,,自身,有10%機率引發使對手陷入「燒傷」狀態的追加效果。對手處於「冰凍」狀態時，冰將會融化。攻擊命中複數Pokemon時，威力降為0.75倍。,,,火
189,はじけるほのお,烈焰濺射,特殊,70.0,1.0,15,,,,對方單體,進行「Double Battle（ダブルバトル）」、「Triple Battle（トリプルバトル）」時，追加的效果會使相鄰的Pokemon也受到HP最大值16分之1的傷害。對手處於「冰凍」狀態時，冰將會融化。,,,火
190,ひのこ,火花,特殊,40.0,1.0,25,,,,對方單體,有10%機率引發使對手陷入「燒傷」狀態的追加效果。對手處於「冰凍」狀態時，冰將會融化。,,,火
191,ふんえん,噴煙,特殊,80.0,1.0,15,,,,全場場地,有30%機率引發使對手陷入「燒傷」狀態的追加效果。對手處於「冰凍」狀態時，冰將會融化。攻擊命中複數Pokemon時，威力降為0.75倍。,,,火
192,ふんか,噴火,特殊,150.0,1.0,5,,,,自身,對手剩下的HP越多，則威力越大。威力=150×餘下HP÷最大HP（捨棄小數點）。威力1~150。,,,火
193,ほのおのうず,火焰旋渦,特殊,35.0,0.85,15,,,,對方單體,4到5回合間，每回合結束時使對手受到HP最大值8分之1的損傷。期間內對手無法逃走。對手處於「冰凍」狀態時，冰將會融化。,,,火
194,ほのおのちかい,火之誓約,特殊,80.0,1.0,10,,,,對方單體,配合「みずのちかい」使用時，威力變成150，天空將出現彩虹。4回合內，我方Pokemon的招式較容易引發追加效果。配合「くさのちかい」使用時，威力變成150，而且周圍變成火海。4回合內，除「火」系的Pokemon之外，在回合結束時將會受到類似「燒傷」狀態的少許傷害。對手處於「冰凍」狀態時，冰將會融化。,,,火
195,ほのおのまい,火之舞,特殊,80.0,1.0,10,,,,對方單體,有50%機率引發使自己「特攻」提升一階級的追加效果。,,,火
196,ほのおのキバ,火焰牙,物理,65.0,0.95,15,,,,對方單體,有10%機率引發使對手陷入「燒傷」狀態，或是產生畏懼反應的追加效果。對手處於「冰凍」狀態時，冰將會融化。,,,火
197,ほのおのパンチ,火焰拳,物理,75.0,1.0,15,,,,對方單體,有30%機率引發使對手陷入「燒傷」狀態的追加效果。對手處於「冰凍」狀態時，冰將會融化。,,,火
198,ほのおのムチ,火焰鞭,物理,80.0,1.0,15,,,,對方單體,,,,火
199,もえつきる,燃盡,特殊,130.0,1.0,5,,,,對方單體,,,,火
200,やきつくす,燒盡,特殊,60.0,1.0,15,,,,自身,引發燒掉對手所擁有的「果實」或「寶石」。使之變得無法使用的追加效果。對手處於「冰凍」狀態時，冰將會融化。攻擊命中複數的Pokemon時，威力降為0.75倍。,,,火
201,れんごく,煉獄,特殊,100.0,0.5,5,,,,對方單體,有100%機率引發使對手陷入「燒傷」狀態的追加效果，對手處於「冰凍」狀態時，冰將會融化。,,,火
202,オーバーヒート,過熱,特殊,130.0,0.9,5,,,,對方單體,自己的「特攻」降低兩階級，對手處於「冰凍」狀態時，冰將會融化。,50.0,,火
203,クロスフレイム,交錯火焰,特殊,100.0,1.0,5,,,,對方單體,本回合內有其他Pokemon使用過「クロスサンダー」，威力增加為2倍。,,,火
204,ダイナミックフルフレイム,超強極限爆焰彈,物理,--,0.0,1,,,,對方單體,,,,火
205,トラップシェル,陷阱甲殼,特殊,150.0,1.0,5,,,,自身,,,,火
206,ニトロチャージ,蓄能焰襲,物理,50.0,1.0,20,,,,對方單體,有100%機率引發使自己「速度」提升一階級的追加效果。對手處於「冰凍」狀態時，冰將會融化。,43.0,,火
207,ヒートスタンプ,高溫重壓,物理,--,1.0,10,,,,對方單體,自身的「體重」比對象愈重，則威力愈強（最高為120）。體重/對象體重>=5 120威力、5>體重/對象體重>=4 100威力、4>體重/對象體重>=3 80威力、3>體重/對象體重>=2 60威力、體重/對象體重<2 40威力。,,,火
208,フレアドライブ,閃焰衝鋒,物理,120.0,1.0,15,,,,對方單體,自己也會受到給予對手傷害值3分之1的損傷。有10%機率引發使對手陷入「燒傷」狀態的追加效果。對手處於「冰凍」狀態時，冰將會融化。在自己處於「冰凍」狀態時也可以使用，可將自己的冰融化。,,,火
209,ブラストバーン,爆炸烈焰,特殊,150.0,0.9,5,,,,對方單體,使用後，下一回合將無法行動。對手處於「冰凍」狀態時，冰將會融化。,,,火
210,ブレイズキック,火焰踢,物理,85.0,0.9,10,,,,對方單體,較容易命中要害。有10%機率引發使對手陷入「燒傷」狀態的追加效果。,,,火
211,マグマストーム,熔岩風暴,特殊,100.0,0.75,5,,,,對方單體,4到5回合間，每回合結束時使對手受到HP最大值16分之1的損傷。期間內對手無法逃走。,,,火
212,マジカルフレイム,魔法火焰,特殊,75.0,1.0,10,,,,對方單體,有100%機率引發使對手「特攻」降低一階級的追加效果。,,,火
213,Ｖジェネレート,Ｖ熱焰,物理,180.0,0.95,5,,,,對方單體,自己的「防禦」、「特防」、「速度」降低一階級。,,,火
214,あまごい,求雨,變化,0.0,0.0,5,,,,對方隨機,使天候在5回合內處於「あめ（下雨）」狀態，「あめ（下雨）」狀態時，水屬性招式的威力增加為1.5倍，火屬性招式的威力減為0.5倍。,18.0,,水
215,あわ,泡沫,特殊,40.0,1.0,30,,,,自身,有10%機率引發使對手「速度」降低一階級的追加效果。攻擊命中複數Pokemon時，威力降為0.75倍。,,,水
216,うずしお,潮旋,特殊,35.0,0.85,15,,,,對方單體,4到5回合間，每回合結束時使對手受到hp最大值8分之1的損傷。期間對手無法逃走。即使對手使用「ダイビング」潛入水中。攻勢仍可命中，且威力增加為2倍。,,,水
217,うたかたのアリア,泡影的詠歎調,特殊,90.0,1.0,10,,,,全場場地,,,,水
218,からではさむ,貝殼夾擊,物理,35.0,0.85,15,,,,對方單體,4到5回合間，每回合結束時使對手受到HP最大值8分之1的傷害。期間內對手無法逃走。,,,水
219,からにこもる,縮入殼中,變化,0.0,0.0,40,,,,隊友,使自己的「防禦」提升一階級。,,,水
220,こんげんのはどう,根源波動,特殊,110.0,0.85,10,,,,自身,,,,水
221,しおふき,噴水,特殊,150.0,1.0,5,,,,自身,自己HP減少時，招式威力也會隨之下降。威力=150×餘下HP÷最大HP，威力1~150。攻擊命中複數Pokemon時，威力降為0.75倍。,,,水
222,しおみず,鹽水,特殊,65.0,1.0,10,,,,對方單體,對手HP低於HP最大值的一半時，威力增加為2倍。,,,水
223,たきのぼり,攀瀑,物理,80.0,1.0,15,,,,對方單體,有20%機率引發使對手產生「畏懼」反應的追加效果。冒險中使用：能夠逆流登上瀑布。,98.0,,水
224,だくりゅう,濁流,特殊,90.0,0.85,10,,,,自身,有30%機會引發使對手「命中率」降低一階級的追加效果，攻擊命中複數Pokemon時，威力降為0.75倍。,,,水
225,なみのり,衝浪,特殊,90.0,1.0,15,,,,全場場地,即使對手使用「ダイビング」潛入水中，攻擊仍可命中。而且威力增加2倍。攻擊命中複數Pokemon時，威力降為0.75倍。冒險中使用：能夠在水上移動。,94.0,,水
226,ねっとう,熱水,特殊,80.0,1.0,15,,,,對方單體,有30%機率引發使對手陷入「燒傷」狀態的追加效果。在自己處於「冰凍」狀態時也可以使用，可將自己的冰融化。,55.0,,水
227,みずあそび,玩水,變化,0.0,0.0,15,,,,對方隨機,5回合內，「火」屬性招式的威力減少為2分之1。,,,水
228,みずしゅりけん,飛水手裡劍,特殊,15.0,1.0,20,1.0,,,對方單體,發動先制攻擊（雙方使出相同的招式時，以「速度」較高者優先）。連續二到五次的攻擊。37.5%攻擊2或3次、12.5%攻擊4或5次。,,,水
229,みずでっぽう,水槍,特殊,40.0,1.0,25,,,,對方單體,普通的攻擊。,,,水
230,みずのちかい,水之誓約,特殊,80.0,1.0,10,,,,對方單體,配合「ほのおのちかい」使用時，威力變成150，天空將出現彩虹。4回合內，我方Pokemon的招式較容易引發追加效果。配合「くさのちかい」使用時，威力變成150，而且周圍變成濕地。4回合內，對手位於濕地上的Pokemon之「速度」會降低。,,,水
231,みずのはどう,水之波動,特殊,60.0,1.0,20,,,,對方單體,有20%機率引發使對手陷入「混亂」狀態的追加效果。,,,水
232,みずびたし,浸水,變化,0.0,1.0,20,,,,對方單體,使對手變成「水」屬性。,,,水
233,わだつみのシンフォニア,海神莊嚴交響樂,特殊,195.0,0.0,1,,,,對方單體,,,,水
234,アクアジェット,水流噴射,物理,40.0,1.0,20,1.0,,,對方單體,發動先制攻擊（雙方使出相同的招式時，以「速度」較高者優先）。,,,水
235,アクアテール,水流尾,物理,90.0,0.9,10,,,,對方單體,普通的攻擊,,,水
236,アクアブレイク,水流裂破,物理,85.0,1.0,10,,,,對方單體,,,,水
237,アクアリング,水流環,變化,0.0,0.0,20,,,,隊友,每回合結束時，恢復自身HP最大值的16分之1。,,,水
238,オクタンほう,章魚桶炮,特殊,65.0,0.85,10,,,,對方單體,有50%機率引發使對手「命中率」降低一階級的追加效果。,,,水
239,クラブハンマー,蟹鉗錘,物理,100.0,0.9,10,,,,對方單體,較容易命中要害。,,,水
240,シェルブレード,貝殼刃,物理,75.0,0.95,10,,,,對方單體,有50%機率引發使對手「防禦」降低一階級的追加效果。,,,水
241,スチームバースト,蒸汽爆炸,特殊,110.0,0.95,5,,,,對方單體,有30%機率引發使對手陷入「燒傷」狀態的追加效果。,,,水
242,スーパーアクアトルネード,超級水流大漩渦,物理,--,0.0,1,,,,對方單體,,,,水
243,ダイビング,潛水,物理,80.0,1.0,10,,,,對方單體,第一回合潛入水中，第二回合攻擊。,,,水
244,ハイドロカノン,加農水炮,特殊,150.0,0.9,5,,,,對方單體,使用後，下一回合將無法行動。,,,水
245,ハイドロポンプ,水炮,特殊,110.0,0.8,5,,,,對方單體,普通的攻擊。,,,水
246,バブルこうせん,泡沫光線,特殊,65.0,1.0,20,,,,對方單體,有10%機率引發使對手陷入「速度」狀態降低一階級的追加效果。,,,水
247,かいでんぱ,怪異電波,變化,0.0,1.0,15,,,,對方單體,使對手的「特攻」降低兩階級。,,,電
248,かみなり,打雷,特殊,110.0,0.7,10,,,,對方單體,有30%機率引發使對手陷入「麻痺」狀態的追加效果。天候為「あめ（下雨）」狀態時必定命中、「ひざしがつよい（晴天）」狀態時的命中率則降為50，即使對手利用「そらをとぶ」或「とびはねる」等招式處於浮空狀態，依然可進行攻擊。,25.0,,電
249,かみなりのキバ,雷電牙,物理,65.0,0.95,15,,,,對方單體,有10%機率引發使對手陷入「麻痺」狀態。或是產生畏懼反應的追加效果。,,,電
250,かみなりパンチ,雷電拳,物理,75.0,1.0,15,,,,對方單體,有10%機率引發使對手陷入「麻痺」狀態的追加效果。,,,電
251,じばそうさ,磁場操控,變化,0.0,0.0,20,,,,對方全體,使特性為「プラス」、「マイナス」的同伴之「防禦」、「特防」提升一階級。,,,電
252,じゅうでん,充電,變化,0.0,0.0,20,,,,隊友,下次使出的電屬性招式威力增加為2倍，自己的「特防」會提升一階級。,,,電
253,そうでん,輸電,變化,0.0,0.0,20,,,,對方單體,使出招式的該回合，對手的招式將變成電屬性。,,,電
254,でんきショック,電擊,特殊,40.0,1.0,30,,,,對方單體,有10%機率引發使對手陷入「麻痺」狀態的追加效果。,,,電
255,でんげきは,電擊波,特殊,60.0,0.0,20,,,,對方單體,攻擊必定命中對手。,,,電
256,でんじは,電磁波,變化,0.0,0.9,20,,,,對方單體,使對手陷入「麻痺」狀態，對「地」系的Pokemon無效。,73.0,,電
257,でんじふゆう,電磁飄浮,變化,0.0,0.0,10,,,,隊友,5回合內不會受到地屬性的招式擊中。,,,電
258,でんじほう,電磁炮,特殊,120.0,0.5,5,,,,對方單體,有100%機率引發使對手陷入「麻痺」狀態的追加效果。,,,電
259,ひっさつのピカチュート,皮卡皮卡必殺擊,物理,210.0,0.0,1,,,,對方單體,,,,電
260,びりびりちくちく,麻麻刺刺,物理,80.0,1.0,10,,,,對方單體,,,,電
261,ほうでん,放電,特殊,80.0,1.0,15,,,,全場場地,有30%機率引發使對手陷入「麻痺」狀態的追加效果。攻擊命中複數Pokemon時，威力降為0.75倍。,,,電
262,ほっぺすりすり,蹭蹭臉頰,物理,20.0,1.0,20,,,,對方單體,有100%機率引發使對手陷入「麻痺」狀態的追加效果。,,,電
263,らいげき,雷擊,物理,130.0,0.85,5,,,,對方單體,有20%機率引發使對手陷入「麻痺」狀態的追加效果。,,,電
264,エレキネット,電網,特殊,55.0,0.95,15,,,,自身,使對手的「速度」降低一階級。,,,電
265,エレキフィールド,電氣場地,變化,0.0,0.0,10,,,,對方隨機,使腳下出現持續5回合的電氣場，在地面上的Pokemon，電屬性招式威力將增加為1.5倍，且不會陷入「睡眠」狀態。,,,電
266,エレキボール,電球,特殊,--,1.0,10,,,,對方單體,自身比對象速度越高，威力越大；對象速度/自身速度>0.5 60威力；0.5>=對象速度/自身速度>0.33 80威力；0.33>=對象速度/自身速度>0.25 120威力；0.25>=對象速度/自身速度>0 150威力,,,電
267,クロスサンダー,交錯閃電,物理,100.0,1.0,5,,,,對方單體,本回合內有其他Pokemon使用過「クロスフレイム」，威力增加為2倍。,,,電
268,スパーキングギガボルト,終極伏特狂雷閃,物理,--,0.0,1,,,,對方單體,,,,電
269,スパーク,電光,物理,65.0,1.0,20,,,,對方單體,有30%機率引發使對手陷入「麻痺」狀態的追加效果。,,,電
270,チャージビーム,充電光束,特殊,50.0,0.9,10,,,,對方單體,有70%機率引發使自己「特攻」提升一階級的追加效果。,57.0,,電
271,パラボラチャージ,拋物面充電,特殊,65.0,1.0,20,,,,全場場地,給予對手之傷害值。有2分之1會轉換為自己的HP。攻擊命中複數Pokemon時，威力降為0.75倍。,,,電
272,プラズマシャワー,等離子浴,變化,0.0,0.0,25,1.0,,,對方隨機,該回合中，「普通」屬性的招式將變成「電」屬性。,,,電
273,ボルテッカー,伏特攻擊,物理,120.0,1.0,15,,,,對方單體,自己也會受到給予對手傷害值3分之1的損傷。有10%機率引發使對手「麻痺」狀態的追加效果。,,,電
274,ボルトチェンジ,伏特替換,特殊,70.0,1.0,20,,,,對方單體,攻擊後換上侯補的其他Pokemon。,72.0,,電
275,ライトニングサーフライド,駕雷馭電戲衝浪,特殊,175.0,0.0,1,,,,對方單體,,,,電
276,ワイルドボルト,瘋狂伏特,物理,90.0,1.0,15,,,,對方單體,自己也會受到給予對手傷害值4分之1的損傷。,93.0,,電
277,１０まんボルト,十萬伏特,特殊,90.0,1.0,15,,,,對方單體,有10%機率引發使對手陷入「麻痺」狀態的追加效果。,24.0,,電
278,１０００まんボルト,千萬伏特,特殊,195.0,0.0,1,,,,對方單體,攻擊必定命中對手，較容易命中要害。,,,電
279,くさのちかい,草之誓約,特殊,80.0,1.0,10,,,,對方單體,配合「みずのちかい」使用時，威力變成150，而且周圍變成濕地。4回合內，對手位於濕地上的Pokemon之「速度」會降低。配合「ほのおのちかい」使用時，威力變成150，而且周圍變成火海。4回合內，除「火」系的Pokemon之外，在回合結束時將會受到少許傷害。,,,草
280,くさぶえ,草笛,變化,0.0,0.55,15,,,,對方單體,使對手陷入「睡眠」狀態。即使對手使出「みがわり」，攻擊依然可命中。,,,草
281,くさむすび,打草結,特殊,--,1.0,20,,,,對方單體,對手的「體重」愈重，則威力愈強（最高為120）。>0.0kg 20威力、>10.0kg 40威力、>25.0kg 60威力、>50.0kg 80威力、>100.0kg 100威力、>200.0kg 120威力。,86.0,,草
282,こうごうせい,光合作用,變化,0.0,0.0,5,,,,隊友,恢復自己HP最大值的2分之1，效果會因天候改變，「ひざしがつよい（晴天）」時為3分之2，「あめ（下雨）」、「あられ（冰雹）」、「すなあらし（沙塵）」時則是4分之1。,,,草
283,このは,樹葉,物理,40.0,1.0,40,,,,對方單體,,,,草
284,しびれごな,麻痹粉,變化,0.0,0.75,30,,,,對方單體,使對手陷入「麻痺」狀態。,,,草
285,すいとる,吸取,特殊,20.0,1.0,25,,,,對方單體,給予對手之傷害值，2分之1轉換為自己的HP。,,,草
286,ちからをすいとる,吸取力量,變化,0.0,1.0,10,,,,對方單體,,,,草
287,つるのムチ,藤鞭,物理,45.0,1.0,25,,,,對方單體,普通的攻擊。,,,草
288,なやみのタネ,煩惱種子,變化,0.0,1.0,10,,,,對方單體,將對手的特性變成「ふみん」。但對部份特性會失敗。,,,草
289,ねむりごな,催眠粉,變化,0.0,0.75,15,,,,對方單體,使對手陷入「睡眠」狀態。,,,草
290,ねをはる,紮根,變化,0.0,0.0,20,,,,隊友,每回合結束時可恢復自己HP最大值的16分之1。但此時將無法更換為其他Pokemon，具有特性「ふゆう（浮游）」或「飛」系的Pokemon使用後，將會開始受到「地」屬性的招式擊中。,,,草
291,はっぱカッター,飛葉快刀,物理,55.0,0.95,25,,,,自身,較容易命中要害。攻擊命中複數Pokemon時，威力降為0.75倍。,,,草
292,はなびらのまい,花瓣舞,特殊,120.0,1.0,10,,,,我方全員,2到3回合連續攻擊（攻擊中無法操作）。效果結束後，自己陷入「混亂」狀態。,,,草
293,はなふぶき,落英繽紛,物理,90.0,1.0,15,,,,全場場地,攻擊命中複數Pokemon時，威力降為0.75倍。,,,草
294,もりののろい,森林詛咒,變化,0.0,1.0,20,,,,對方單體,為對手追加「草」屬性。,,,草
295,やどりぎのタネ,寄生種子,變化,0.0,0.9,10,,,,對方單體,每回合結束時，使對手受到其HP最大值8分之1的傷害，而且將傷害完全轉換為自己的HP（即使使用者不在場上，效果仍會持續）。對「草」系的Pokemon無法發揮效果。,,,草
296,わたほうし,棉孢子,變化,0.0,1.0,40,,,,自身,使對手的「速度」降低兩階級。,,,草
297,アロマセラピー,芳香治療,變化,0.0,0.0,5,,,,對方全體,含隊伍成員在內，治療我方Pokemon的所有異常狀態。,,,草
298,ウッドハンマー,木槌,物理,120.0,1.0,15,,,,對方單體,自己也會受到給予對手傷害值3分之1的損傷。,,,草
299,ウッドホーン,木角,物理,75.0,1.0,10,,,,對方單體,給予對手之傷害值，有2分之1會轉為自己的HP。,,,草
300,エナジーボール,能量球,特殊,90.0,1.0,10,,,,對方單體,有10%機率引發使對手「特防」降低一階級的追加效果。,53.0,,草
301,キノコのほうし,蘑菇孢子,變化,0.0,1.0,15,,,,對方單體,使對手陷入「睡眠」狀態。,,,草
302,ギガドレイン,終極吸取,特殊,75.0,1.0,10,,,,對方單體,給予對手之傷害值，有2分之1會轉換為自己的HP。,,,草
303,グラスフィールド,青草場地,變化,0.0,0.0,10,,,,對方隨機,使腳下出現持續5回合的草海，在地面上的Pokemon，每回合結束時，恢復HP最大值的16分之1且草屬性招式威力將增加為1.5倍。,,,草
304,グラスミキサー,青草攪拌器,特殊,65.0,0.9,10,,,,對方單體,有50%機率引發使對手「命中率」降低一階級的追加效果。,,,草
305,コットンガード,棉花防守,變化,0.0,0.0,10,,,,隊友,使自己的「防禦」提升3階級。,,,草
306,シードフレア,種子閃光,特殊,120.0,0.85,5,,,,對方單體,有40%機率引發使對手「防禦」降低兩階級的追加效果。,,,草
307,ソーラービーム,日光束,特殊,120.0,1.0,10,,,,對方單體,第一回合蓄力，第二回合攻擊。天候為「ひざしがつよい（晴天）」狀態時可不需蓄力就直接攻擊。天候為「あめ（下雨）」、「あられ（冰雹）」、「すなあらし（沙塵）」時威力減半。,22.0,,草
308,ソーラーブレード,日光刃,物理,125.0,1.0,10,,,,對方單體,,,,草
309,タネばくだん,種子炸彈,物理,80.0,1.0,15,,,,對方單體,普通的攻擊。,,,草
310,タネマシンガン,種子機關槍,物理,25.0,1.0,30,,,,對方單體,連續二到五次的攻擊。37.5%攻擊2或3次、12.5%攻擊4或5次。,,,草
311,トロピカルキック,熱帶踢,物理,70.0,1.0,15,,,,對方單體,,,,草
312,ニードルアーム,尖刺臂,物理,60.0,1.0,15,,,,對方單體,有30%機率引發使對手產生「畏懼」反應的追加效果。,,,草
313,ニードルガード,尖刺防守,變化,0.0,0.0,10,4.0,,,隊友,防禦該回合對手的攻擊。可使使出直接攻擊招式的對手受到HP最大值8分之1的傷害。連續使用時，成功率會降低50%。,,,草
314,ハードプラント,瘋狂植物,特殊,150.0,0.9,5,,,,對方單體,使用後，下一回合將無法行動。,,,草
315,パワーウィップ,強力鞭打,物理,120.0,0.85,10,,,,對方單體,普通的攻擊。,,,草
316,ブルームシャインエクストラ,絢爛繽紛花怒放,物理,--,0.0,1,,,,對方單體,,,,草
317,マジカルリーフ,魔法葉,特殊,60.0,0.0,20,,,,對方單體,攻擊必定命中對手。,,,草
318,メガドレイン,超級吸取,特殊,40.0,1.0,15,,,,對方單體,給予對手之傷害值，有2分之1會轉換為自己的HP。,,,草
319,リーフストーム,飛葉風暴,特殊,130.0,0.9,5,,,,對方單體,使自己的「特攻」降低兩階級。,,,草
320,リーフブレード,葉刃,物理,90.0,1.0,15,,,,對方單體,較容易命中要害。,,,草
321,あられ,冰雹,變化,0.0,0.0,10,,,,對方隨機,使天候在5回合內處於「あられ（冰雹）」狀態，「あられ（冰雹）」狀態時，除冰屬性以外，每回合結束時受到HP最大值16分之1的傷害。,7.0,,冰
322,くろいきり,黑霧,變化,0.0,0.0,30,,,,對方隨機,對手和自己的能力變化恢復原狀。,,,冰
323,こおりのいぶき,冰息,特殊,60.0,0.9,10,,,,對方單體,必定命中要害。,79.0,,冰
324,こおりのつぶて,冰礫,物理,40.0,1.0,30,1.0,,,對方單體,發動先制攻擊（雙方使出相同的招式時，以「速度」較高者優先 ）。,,,冰
325,こおりのキバ,冰凍牙,物理,65.0,0.95,15,,,,對方單體,有10%機率引發使對手陷入「冰凍」狀態，有10%機率產生「畏懼」反應的追加效果。,,,冰
326,こごえるかぜ,冰凍之風,特殊,55.0,0.95,15,,,,自身,有100%機率引發使對手「速度」降低一階級的追加效果。攻擊命中複數Pokemon時，威力降為0.75倍。,,,冰
327,こごえるせかい,冰封世界,特殊,65.0,0.95,10,,,,自身,使對手的「速度」降低一階級。,,,冰
328,こなゆき,細雪,特殊,40.0,1.0,25,,,,自身,有10%機率引發使對手陷入「凍傷」狀態的追加效果，攻勢命中複數Pokemon時，威力降為0.75倍。,,,冰
329,しろいきり,白霧,變化,0.0,0.0,30,,,,全場場地,5回內不會受到具降低能力效果的招式或追加效果影響。,,,冰
330,ぜったいれいど,絕對零度,特殊,--,0.3,5,,,,對方單體,一擊就使對手陷入「瀕死」狀態，對手等級高於自己時無法命中，對手等級比自己低越多，命中率就越高，無視其他影響命中率的狀態效果。命中率＝30+攻方等級-守方等級。,,,冰
331,つららおとし,冰柱墜擊,物理,85.0,0.9,10,,,,對方單體,有30%機率引發使對手產生「畏懼」反應的追加效果。,,,冰
332,つららばり,冰錐,物理,25.0,1.0,30,,,,對方單體,連續二到五次的攻擊。37.5%攻擊2或3次、12.5%攻擊4或5次。,,,冰
333,ふぶき,暴風雪,特殊,110.0,0.7,5,,,,自身,有10%機率引發使對手陷入「冰凍」狀態的追加效果。天候為「あられ（冰雹）」狀態時必定命中。攻擊命中複數Pokemon時，威力降為0.75倍。,14.0,,冰
334,ゆきなだれ,雪崩,物理,60.0,1.0,10,,,,對方單體,在該回合已受到對手傷害時，招式威力增加為2倍。,,,冰
335,れいとうパンチ,冰凍拳,物理,75.0,1.0,15,,,,對方單體,有10%機率引發使對手陷入「冰凍」狀態的追加效果。,,,冰
336,れいとうビーム,冰凍光束,特殊,90.0,1.0,10,,,,對方單體,有10%機率引發使對手陷入「冰凍」狀態的追加效果。,13.0,,冰
337,アイスハンマー,冰錘,物理,100.0,0.9,10,,,,對方單體,,,,冰
338,アイスボール,冰球,物理,30.0,0.9,20,,,,對方單體,5回合連續攻擊對手，落空時結束（攻擊中無法進行指示）。每次攻擊命中對手後，傷害都增加為2倍（最高為480）。使用「まるくなる」後再發動時，威力增加為2倍。,,,冰
339,オーロラビーム,極光束,特殊,65.0,1.0,20,,,,對方單體,有10%機率引發使對手「攻擊」降低一階級的追加效果。,,,冰
340,オーロラベール,極光幕,變化,0.0,0.0,20,,,,全場場地,,70.0,,冰
341,コールドフレア,極寒冷焰,特殊,140.0,0.9,5,,,,對方單體,第一回合蓄力，第二回合攻擊的招式，有30%機率引發使對手產生「燒傷」反應的追加效果。,,,冰
342,フリーズドライ,冷凍乾燥,特殊,70.0,1.0,20,,,,對方單體,對「水」系的對手也同樣為「效果絕佳（傷害2倍）」。有10%機率引發使對手陷入「冰凍」狀態的追加效果。,,,冰
343,フリーズボルト,冰凍伏特,物理,140.0,0.9,5,,,,對方單體,一回合準備，次回合攻擊。有10%機率引發使對手陷入「麻痺」狀態的追加效果。,,,冰
344,レイジングジオフリーズ,激狂大地萬里冰,物理,--,0.0,1,,,,對方單體,,,,冰
345,あてみなげ,借力摔,物理,70.0,0.0,10,,,,對方單體,雖然會變成後攻，但攻擊必定命中。,,,格
346,いのちがけ,搏命,特殊,--,1.0,5,,,,對方單體,使對手受到自己HP剩餘量的傷害，使用後，自己陷入「頻死」狀態。攻擊落空時則不會陷入「頻死」狀態。,,,格
347,いわくだき,碎岩,物理,40.0,1.0,15,,,,對方單體,有50%的機率引發使對手「防禦」降低一階級的追加效果。冒險中使用：能夠破壞堅硬的岩石，使該處變得能夠通行。破壞時可能會遇到Pokemon，或是取得道具，也可能什麼事都沒發生。,,,格
348,からてチョップ,空手劈,物理,50.0,1.0,25,,,,對方單體,較容易命中要害。,,,格
349,かわらわり,劈瓦,物理,75.0,1.0,15,,,,對方單體,不會受到「リフレクター」的影響，可破壞「リフレクター」與「ひかりのかべ」。,31.0,,格
350,きあいだま,真氣彈,特殊,120.0,0.7,5,,,,對方單體,有10%機率引發使對手「特防」降低一階級的追加效果。,52.0,,格
351,きあいパンチ,真氣拳,物理,150.0,1.0,20,,,,對方單體,成為後攻者。在使出招式前先被對手的攻擊招式命中時，將會發生「畏懼」反應，無法順利出招。,,,格
352,きしかいせい,起死回生,物理,--,1.0,15,,,,對方單體,自己剩餘的HP愈少，招式威力愈強。N=餘下HP×64÷最大HP（捨棄小數點）。Ｎ<2 威力200；2<=N<=5 威力150；6<=N<=12 威力100；13<=N<=21 威力80；22<=N<=42 威力40；N>=43 威力20。,,,格
353,けたぐり,踢倒,物理,--,1.0,20,,,,對方單體,對手的「體重」愈重，則威力愈強（最高為120）。>0.0kg 20威力、>10.0kg 40威力、>25.0kg 60威力、>50.0kg 80威力、>100.0kg 100威力、>200.0kg 120威力。,,,格
354,しんくうは,真空波,特殊,40.0,1.0,30,1.0,,,對方單體,發動先制攻擊（雙方使出相同的招式時，以「速度」較高者優先）。,,,格
355,しんぴのつるぎ,神秘之劍,特殊,85.0,1.0,10,,,,對方單體,特殊攻擊，物理傷害。傷害根據自己的「特攻」與對手的「防禦」決定。,,,格
356,じごくぐるま,地獄翻滾,物理,80.0,0.8,20,,,,對方單體,自己也會受到給予對手傷害值4分之1的損傷。,,,格
357,せいなるつるぎ,聖劍,物理,90.0,1.0,15,,,,對方單體,不會受到對手的能力變化影響。,,,格
358,ぜんりょくむそうげきれつけん,全力無雙激烈拳,物理,--,0.0,1,,,,對方單體,攻擊必定命中對手，即使對方使用「まもる」，攻擊也能成功，但威力降為0.25倍。,,,格
359,たたみがえし,掀榻榻米,變化,0.0,0.0,10,,,,全場場地,該回合防禦對手的攻擊招式（同伴受攻擊時也能防禦）。只有在出場後首次行動時才能成功。此外，將無法防禦變化招式。,,,格
360,ちきゅうなげ,地球上投,物理,--,1.0,20,,,,對方單體,給予等同於自己等級數值的固定傷害。,,,格
361,つっぱり,猛推,物理,15.0,1.0,20,,,,對方單體,連續二到五次的攻擊。37.5%攻擊2或3次、12.5%攻擊4或5次。,,,格
362,とびげり,飛踢,物理,100.0,0.95,10,,,,對方單體,攻擊落空時，將會受到自己HP最大值2分之1的傷害。,,,格
363,とびひざげり,飛膝踢,物理,130.0,0.9,10,,,,對方單體,攻擊落空時，將會受到自己HP最大值2分之1的傷害。,,,格
364,ともえなげ,巴投,物理,60.0,0.9,10,,,,對方單體,引發與野生Pokemon結束戰鬥的追加效果。在訓練家戰中可強制對手更換Pokemon，但對手沒有可更換的Pokemon時則不會發生追加效果。當野生Pokemon的等級高於我方，或是遇到複數野生Pokemon時則不會發生追加效果。,,,格
365,にどげり,二連踢,物理,30.0,1.0,30,,,,對方單體,連續兩次的攻擊。,,,格
366,はっけい,發勁,物理,60.0,1.0,10,,,,對方單體,有30%機率引發使對手陷入「麻痺」狀態的追加效果。,,,格
367,はどうだん,波導彈,特殊,80.0,0.0,20,,,,對方單體,攻擊必定命中對手。,,,格
368,ばかぢから,蠻力,物理,120.0,1.0,5,,,,對方單體,使自己的「攻擊」、「防禦」降低一階級。,,,格
369,ばくれつパンチ,爆裂拳,物理,100.0,0.5,5,,,,對方單體,有100%機率引發使對手陷入「混亂」狀態的追加效果。,,,格
370,まわしげり,迴旋踢,物理,60.0,0.85,15,,,,對方單體,有30%機率引發使對手產生「畏懼」反應的追加效果。,,,格
371,みきり,看穿,變化,0.0,0.0,5,4.0,,,隊友,防禦對手該回合的攻擊。連續使用時，成功率會降低50%。,,,格
372,めざましビンタ,喚醒巴掌,物理,70.0,1.0,10,,,,對方單體,對「睡眠」狀態的對手，招式威力增加為2倍，以此招式造成傷害時，「睡眠」狀態將會解除。,,,格
373,やまあらし,山嵐摔,物理,60.0,1.0,10,,,,對方單體,必定命中要害。,,,格
374,アームハンマー,臂錘,物理,100.0,0.9,10,,,,對方單體,攻擊命中後自己的「速度」降低一階級。,,,格
375,インファイト,近身戰,物理,120.0,1.0,5,,,,對方單體,自己的「防禦」、「特防」降低一階級。,,,格
376,カウンター,雙倍奉還,物理,--,1.0,20,,,,己方場地,以2倍回敬對手的物理招式所造成之傷害，但使用時必定為後攻。,,,格
377,クロスチョップ,十字劈,物理,100.0,0.8,5,,,,對方單體,較容易命中要害。,,,格
378,グロウパンチ,增強拳,物理,40.0,1.0,20,,,,對方單體,有100%機率引發使自己「攻擊」提升一階級的追加效果。,,,格
379,スカイアッパー,沖天拳,物理,85.0,0.9,15,,,,對方單體,即使對手利用「そらをとぶ」或「とびはねる」等招式處於浮空狀態，依然可進行攻擊。,,,格
380,トリプルキック,三連踢,物理,10.0,0.9,10,,,,對方單體,一回合內作3次連續攻擊，每次攻擊的威力加10。,,,格
381,ドレインパンチ,吸取拳,物理,75.0,1.0,10,,,,對方單體,給予對手之傷害值，有2分之1會轉換為自己的HP。,,,格
382,ビルドアップ,健美,變化,0.0,0.0,20,,,,隊友,使自己的「攻擊」、「防禦」提升一階級。,8.0,,格
383,ファストガード,快速防守,變化,0.0,0.0,15,3.0,,,全場場地,防禦該回合對手的先制攻擊招式（同伴受攻擊時也能防禦）。,,,格
384,フライングプレス,飛身重壓,物理,100.0,0.95,10,,,,對方單體,普通的攻擊（同時有「格鬥」與「飛行」屬性的稀有招式）。對手使用「ちいさくなる」時則攻擊必定命中，而且威力增加為2倍。,,,格
385,マッハパンチ,音速拳,物理,40.0,1.0,30,1.0,,,對方單體,發動先制攻擊（雙方使出相同的招式時，以「速度」較高者優先）。,,,格
386,リベンジ,報復,物理,60.0,1.0,10,,,,對方單體,在該回合已受到對手傷害時，招式威力增加為2倍。,,,格
387,ローキック,下盤踢,物理,65.0,1.0,20,,,,對方單體,有100%機率引發使對手「速度」降低一階級的追加效果。,47.0,,格
388,いえき,胃液,變化,0.0,1.0,10,,,,對方單體,使對手的特性無效。,,,毒
389,じょうか,淨化,變化,0.0,0.0,20,,,,對方單體,,,,毒
390,とぐろをまく,盤蜷,變化,0.0,0.0,20,,,,隊友,使自己的「攻擊」、「防禦」提升一階級。,,,毒
391,とける,溶化,變化,0.0,0.0,20,,,,隊友,使自己的「防禦」提升兩階級。,,,毒
392,どくづき,毒擊,物理,80.0,1.0,20,,,,對方單體,有30%機率引發使對手陷入「中毒」狀態的追加效果。,84.0,,毒
393,どくどく,劇毒,變化,0.0,0.9,10,,,,對方單體,使對手陷入「劇毒」狀態，由減去HP最大值的1/16開始，每回合+1/16HP傷害（交替後重新開始遞增）。「毒」系的Pokemon使用時必定命中對手。,6.0,,毒
394,どくどくのキバ,劇毒牙,物理,50.0,1.0,15,,,,對方單體,有50%機率引發使對手陷入「中毒」狀態的追加效果。,,,毒
395,どくのいと,毒絲,變化,0.0,1.0,20,,,,對方單體,,,,毒
396,どくのこな,毒粉,變化,0.0,0.75,35,,,,對方單體,使對手陷入「中毒」狀態。,,,毒
397,どくばり,毒針,物理,15.0,1.0,35,,,,對方單體,有30%機率引發使對手陷入「中毒」狀態的追加效果。,,,毒
398,どくびし,毒菱,變化,0.0,0.0,20,,,,對方場地,對手派出Pokemon時，使該Pokemon陷入「中毒」狀態（已使用此招式兩次時則是「劇毒」狀態）。對手派出非「飛」系、非「ふゆう」特性的「毒」系Pokemon時，此招式效果消失。對於特性為「ふゆう」或「飛行」系的Pokemon無效。,,,毒
399,どくガス,毒瓦斯,變化,0.0,0.9,40,,,,自身,使對手陷入「中毒」狀態。,,,毒
400,ようかいえき,溶解液,特殊,40.0,1.0,30,,,,自身,有10%機率引發使對手「特防」降低一階級的追加效果。攻勢命中複數Pokemon時，威力降為0.75倍。,,,毒
401,アシッドボム,酸液炸彈,特殊,40.0,1.0,20,,,,對方單體,有100%機率引發使對手「特防」降低兩階級的追加效果。,,,毒
402,アシッドポイズンデリート,強酸劇毒滅絕雨,物理,--,0.0,1,,,,對方單體,攻擊必定命中對手，即使對方使用「まもる」，攻擊也能成功，但威力降為0.25倍。,,,毒
403,クリアスモッグ,清除之煙,特殊,50.0,0.0,15,,,,對方單體,可引發使對手的能力變化恢復原狀的追加效果。,,,毒
404,クロスポイズン,十字毒刃,物理,70.0,1.0,20,,,,對方單體,較容易命中要害。有10%機率引發使對手陷入「中毒」狀態的追加效果。,,,毒
405,ゲップ,打嗝,特殊,120.0,0.9,10,,,,對方單體,普通的攻擊。未食用「果實」前將無法使用這個招式。,,,毒
406,スモッグ,濁霧,特殊,30.0,0.7,20,,,,對方單體,有40%機率引發使對手陷入「中毒」狀態的追加效果。,,,毒
407,ダストシュート,垃圾射擊,物理,120.0,0.8,5,,,,對方單體,有30%機率引發使對手陷入「中毒」狀態的追加效果。,,,毒
408,トーチカ,碉堡,變化,0.0,0.0,10,4.0,,,隊友,,,,毒
409,ヘドロこうげき,污泥攻擊,特殊,65.0,1.0,20,,,,對方單體,有30%機率引發使對手陷入「中毒」狀態的追加效果。,,,毒
410,ヘドロばくだん,污泥炸彈,特殊,90.0,1.0,10,,,,對方單體,有30%機率引發使對手陷入「中毒」狀態的追加效果。,36.0,,毒
411,ヘドロウェーブ,污泥波,特殊,95.0,1.0,10,,,,全場場地,有10%機率引發使對手陷入「中毒」狀態的追加效果。攻擊命中複數Pokemon時，威力降為0.75倍。,34.0,,毒
412,ベノムショック,毒液衝擊,特殊,65.0,1.0,10,,,,對方單體,對陷入「中毒」、「劇毒」狀態的對手，招式威力增加為2倍。,9.0,,毒
413,ベノムトラップ,毒液陷阱,變化,0.0,1.0,20,,,,自身,使「中毒」、「劇毒」狀態的對手之「攻撃」、「特攻」、「速度」降低一階級。,,,毒
414,ポイズンテール,毒尾,物理,50.0,1.0,25,,,,對方單體,有30%機率引發使對手陷入「中毒」狀態的追加效果，較容易命中要害。,,,毒
415,あなをほる,挖洞,物理,80.0,1.0,10,,,,對方單體,每一回合鑽入地下，第二回合發動攻擊。冒險中使用：脫離洞窟等場所，回到最後進入的入口處。,,,地
416,じしん,地震,物理,100.0,1.0,10,,,,全場場地,即使對手利用「あなをほる」鑽入地下也能攻擊，而且威力增加為2倍。攻擊命中複數Pokemon時，威力降為0.75倍。,26.0,,地
417,じだんだ,跺腳,物理,75.0,1.0,10,,,,對方單體,,,,地
418,じならし,重踏,物理,60.0,1.0,20,,,,全場場地,有100%機率引發使對手「速度」降低一階級的追加效果。攻擊命中複數Pokemon時，威力降為0.75倍。,78.0,,地
419,じわれ,地裂,物理,--,0.3,5,,,,對方單體,一擊就使對手陷入「瀕死」狀態，對手等級高於自己時無法命中，對手等級比自己低越多，命中率就越高，無視其他影響命中率的狀態效果。命中率＝30+攻方等級-守方等級。,,,地
420,すなあつめ,集沙,變化,0.0,0.0,10,,,,隊友,,,,地
421,すなかけ,潑沙,變化,0.0,1.0,15,,,,對方單體,使對手的命中率降低一階級。,,,地
422,すなじごく,流沙地獄,物理,35.0,0.85,15,,,,對方單體,4到5回合期間，每回合結束時使對手受到HP最大值8分之1的損傷。期間內對手無法逃走。,,,地
423,たがやす,耕地,變化,0.0,0.0,10,,,,全場場地,草屬性的「攻擊」、「特攻」提升一階級。,,,地
424,だいちのちから,大地之力,特殊,90.0,1.0,10,,,,對方單體,有10%機率引發使對手陷入「特防」降低一階級的追加效果。,,,地
425,だんがいのつるぎ,斷崖之劍,物理,120.0,0.85,10,,,,自身,,,,地
426,どろあそび,玩泥巴,變化,0.0,0.0,15,,,,對方隨機,5回合內、電屬性招式的威力減少為3分之1。,,,地
427,どろかけ,擲泥,特殊,20.0,1.0,10,,,,對方單體,有100%機率引發使對手的「命中率」降低一階級的追加效果。,,,地
428,どろばくだん,泥巴炸彈,特殊,65.0,0.85,10,,,,對方單體,有30%機率引發使對手的「命中率」降低一階級的追加效果。,,,地
429,まきびし,撒菱,變化,0.0,0.0,20,,,,對方場地,對手每次派出的Pokemon都會受到傷害。此招式使用次數愈多，造成的傷害就愈大。第一次為HP最大值8分之1，第二次為6分之1，第三次為4分之1。,,,地
430,グランドフォース,大地神力,物理,90.0,1.0,10,,,,自身,普通的攻擊。,,,地
431,サウザンアロー,千箭齊發,物理,90.0,1.0,10,,,,自身,,,,地
432,サウザンウェーブ,千波激蕩,物理,90.0,1.0,10,,,,自身,,,,地
433,ドリルライナー,直沖鑽,物理,80.0,0.95,10,,,,對方單體,較容易命中要害。,,,地
434,ホネこんぼう,骨棒,物理,65.0,0.85,20,,,,對方單體,有10%機率引發使對手產生「畏懼」反應的追加效果。,,,地
435,ホネブーメラン,骨頭回力鏢,物理,50.0,0.9,10,,,,對方單體,連續兩次的攻擊。,,,地
436,ボーンラッシュ,骨棒亂打,物理,25.0,0.9,10,,,,對方單體,連續二到五次的攻擊。37.5%攻擊2或3次、12.5%攻擊4或5次。,,,地
437,マグニチュード,震級,物理,--,1.0,30,,,,全場場地,威力會在10、30、50、70、90、110、150間隨機決定。即使對手利用「あなをほる」鑽入地下也能攻擊，且威力增加為2倍。攻擊命中複數Pokemon時，威力降為0.75倍。,,,地
438,マッドショット,泥巴射擊,特殊,55.0,0.95,15,,,,對方單體,有100%機率引發使對手「速度」降低一階級的追加效果。,,,地
439,ライジングランドオーバー,地隆嘯天大終結,物理,--,0.0,1,,,,對方單體,,,,地
440,１０まんばりき,十萬馬力,物理,95.0,0.95,10,,,,對方單體,,,,地
441,おいかぜ,順風,變化,0.0,0.0,15,,,,全場場地,4回合內，自己與同伴的「速度」增加為2倍。,,,飛
442,おしゃべり,喋喋不休,特殊,65.0,1.0,20,,,,對方單體,有100%機率引發使對手陷入「混亂」狀態的追加效果。即使對手使出「みがわり」，攻擊依然可命中。,,,飛
443,かぜおこし,起風,特殊,40.0,1.0,35,,,,對方單體,即使對手利用「そらをとぶ」或「とびはねる」等招式處於浮空狀態，依然可進行攻擊，而且威力增加為2倍。,,,飛
444,きりばらい,清除濃霧,變化,0.0,0.0,15,,,,對方單體,使對手的「迴避率」降低一階級，而且消除對手的「ひかりのかべ」、「リフレクター」、「しんぴのまもり」、「しろいきり」、「まきびし」、「どくびし」、「ステルスロック」之效果。,,,飛
445,くちばしキャノン,鳥嘴加農炮,物理,100.0,1.0,15,,,,對方單體,,,,飛
446,そらをとぶ,飛翔,物理,90.0,0.95,15,,,,對方單體,第一回合飛上空中，第二回內攻擊。冒險中使用：能夠瞬間移動到曾經造訪過的市鎮。,76.0,,飛
447,ついばむ,啄食,物理,60.0,1.0,20,,,,對方單體,當對手攜帶可在戰鬥中發揮效果的「果實」時，使該效果發揮在自己身上。,,,飛
448,つつく,啄,物理,35.0,1.0,35,,,,對方單體,普通的攻擊。,,,飛
449,つばさでうつ,翅膀攻擊,物理,60.0,1.0,35,,,,對方單體,普通的攻擊。,,,飛
450,つばめがえし,燕返,物理,60.0,0.0,20,,,,對方單體,攻擊必定命中對手。,40.0,,飛
451,とびはねる,彈跳,物理,85.0,0.85,5,,,,對方單體,第一回合跳上空中，第二回合攻擊。有30%機率引發使對手陷入「麻痺」狀態的追加效果。,,,飛
452,はねやすめ,羽棲,變化,0.0,0.0,10,,,,隊友,恢復自己HP最大值的2分之1。該回合將不是「飛」系屬性。,19.0,,飛
453,ぼうふう,暴風,特殊,110.0,0.7,10,,,,對方單體,有30%機率引發使對手陷入「混亂」狀態的追加效果。天候為「あめ（下雨）」狀態時必定命中，「ひざしがつよい（晴天）」狀態時的命中率則降為50。即使對手利用「そらをとぶ」或「とびはねる」等招式處於浮空狀態，依然可進行攻擊。,,,飛
454,アクロバット,雜技,物理,55.0,1.0,15,,,,對方單體,沒有攜帶道具時，威力增加為2倍。,62.0,,飛
455,エアカッター,空氣利刃,特殊,60.0,0.95,25,,,,自身,較容易命中要害。攻擊命中複數Pokemon時，威力降為0.75倍。,,,飛
456,エアスラッシュ,空氣斬,特殊,75.0,0.95,15,,,,對方單體,有30%機率引發使對手產生「畏懼」反應的追加效果。,,,飛
457,エアロブラスト,氣旋攻擊,特殊,100.0,0.95,5,,,,對方單體,較容易命中要害。,,,飛
458,オウムがえし,鸚鵡學舌,變化,0.0,0.0,20,,,,對方單體,使出對手最後用過的招式。,,,飛
459,ガリョウテンセイ,畫龍點睛,物理,120.0,1.0,5,,,,對方單體,,,,飛
460,ゴッドバード,神鳥猛擊,物理,140.0,0.9,5,,,,對方單體,第一回合蓄力，第二回合攻擊的招式，有30%機率引發使對手產生「畏懼」反應的追加效果，較容易命中要害。,,,飛
461,デスウイング,死亡之翼,特殊,80.0,1.0,10,,,,對方單體,給予對手之傷害值。有4分之3會轉換為自己的HP。,,,飛
462,ドリルくちばし,啄鑽,物理,80.0,1.0,20,,,,對方單體,普通的攻擊。,,,飛
463,ファイナルダイブクラッシュ,極速俯衝轟烈撞,物理,--,0.0,1,,,,對方單體,,,,飛
464,フェザーダンス,羽毛舞,變化,0.0,1.0,15,,,,對方單體,使對手的「攻擊」降低兩階級。,,,飛
465,フリーフォール,自由落體,物理,60.0,1.0,10,,,,對方單體,第一回合將對手帶上空中，第二回合將對手從空中摔落地面，造成傷害。「飛」系的Pokemon不會受傷，較重的Pokemon（200kg以上）則不會被帶上空中。,58.0,,飛
466,ブレイブバード,勇鳥猛攻,物理,120.0,1.0,15,,,,對方單體,自己也會受到給予對手傷害值3分之1的損傷。,,,飛
467,いじげんホール,異次元洞,特殊,80.0,0.0,5,,,,對方單體,每一回合躲藏，第二回合發動攻擊。攻擊必定命中對手。即使對手使用「まもる」、「みきり」，攻擊依然可命中。,,,超
468,いやしのねがい,治癒之願,變化,0.0,0.0,10,,,,隊友,雖然自己會陷入「頻死」狀態，但接著出場的Pokemon之HP會全滿，異常狀態也會解除。,,,超
469,いやしのはどう,治癒波動,變化,0.0,0.0,10,,,,對方單體,使對象恢復最大值2分之1的HP。,,,超
470,かいふくふうじ,回復封鎖,變化,0.0,1.0,15,,,,自身,使對手於5回合內處於無法使用招式等進行治療的狀態。,,,超
471,こうそくいどう,高速移動,變化,0.0,0.0,30,,,,隊友,使自己的「速度」提升兩階級。,,,超
472,さいはい,號令,變化,0.0,0.0,15,,,,對方單體,,,,超
473,さいみんじゅつ,催眠術,變化,0.0,0.6,20,,,,對方單體,對手陷入「睡眠」狀態。,,,超
474,しねんのずつき,意念頭錘,物理,80.0,0.9,15,,,,對方單體,有20%機率引發使對手產生「畏懼」反應的追加效果。,,,超
475,じゅうりょく,重力,變化,0.0,0.0,5,,,,對方隨機,5回合內，戰鬥中所有Pokemon的「命中率」提升六分之十。狀態為「でんじふゆう」或「飛」系的Pokemon，將會被「地」屬性的招式擊中。「そらをとぶ」、「でんじふゆう」、「テレキネシス」、「とびげり」、「とびはねる」、「とびひざげり」、「はねる」、「フリーフォール」將無法使用（已在空中的Pokemon也會強制降落）。,,,超
476,じんつうりき,神通力,特殊,80.0,1.0,20,,,,對方單體,有10%機率引發使對手產生「畏懼」反應的追加效果。,,,超
477,なりきり,扮演,變化,0.0,0.0,10,,,,對方單體,複製對手的特性。但對部份特性會失敗。,,,超
478,ねむる,睡覺,變化,0.0,0.0,10,,,,隊友,HP恢復到最大值，之後2回合陷入「睡眠」狀態。,44.0,,超
479,ねんりき,念力,特殊,50.0,1.0,25,,,,對方單體,有10%機率引發使對手陷入「混亂」狀態的追加效果。,,,超
480,ひかりのかべ,光牆,變化,0.0,0.0,30,,,,全場場地,5回合內，對手的特殊攻擊之傷害減半，即使使用此招之Pokemon被換下，效果仍會正常持續。「Double Battle（ダブルバトル）」、「Triple Battle（トリプルバトル）」中，效果將會減弱至3分之1。,16.0,,超
481,ふういん,封印,變化,0.0,0.0,10,,,,隊友,使對手無法使出自己學會的招式。,,,超
482,みかづきのまい,新月舞,變化,0.0,0.0,10,,,,隊友,自已立即陷入「瀕死」狀態，替換Pokemon HP、PP及異常狀態完全回復。,,,超
483,みらいよち,預知未來,特殊,120.0,1.0,10,,,,對方單體,在2回合後攻擊對手，無論自己或對象替換依然有效。即使對手使用「みがわり」、「まもる」、「みきり」、「かいでんぱ」、「マジカルフレイム」、「エレキフィールド」，攻擊依然可命中。,,,超
484,めいそう,冥想,變化,0.0,0.0,20,,,,隊友,使自己的「特攻」、「特防」提升一階級。,4.0,,超
485,ゆめくい,食夢,特殊,100.0,1.0,15,,,,對方單體,限對手處於「睡眠」狀態時有效（非「睡眠」狀態時則招式失敗 ）。給予對手之傷害值，有2分之1會轉換為自己的HP。,85.0,,超
486,アシストパワー,輔助力量,特殊,20.0,1.0,10,,,,對方單體,自身能力每提高一階級，威力隨之增加20（最高860）。,,,超
487,オリジンズスーパーノヴァ,起源超新星大爆炸,特殊,185.0,0.0,1,,,,對方單體,,,,超
488,ガードシェア,防守平分,變化,0.0,0.0,10,,,,對方單體,將自己的與對手的「防禦」、「特防」相加後，互相獲得一半。,,,超
489,ガードスワップ,防守互換,變化,0.0,0.0,10,,,,對方單體,使對手與自己的「防禦」、「特防」之能力變化狀況互換。,,,超
490,コスモパワー,宇宙力量,變化,0.0,0.0,20,,,,隊友,使自己的「防禦」、「特防」提升一階級。,,,超
491,サイケこうせん,幻象光線,特殊,65.0,1.0,20,,,,對方單體,有10%機率引發使對手陷入「混亂」狀態的追加效果。,,,超
492,サイコウェーブ,精神波,特殊,--,1.0,15,,,,對方單體,使對手受到自己等級×0.5到1.5（隨機決定 ）之數值的傷害。,,,超
493,サイコカッター,精神利刃,物理,70.0,1.0,20,,,,對方單體,較容易命中要害。,,,超
494,サイコキネシス,精神強念,特殊,90.0,1.0,10,,,,對方單體,有10%機率引發使對手「特防」降低一階級的追加效果。,29.0,,超
495,サイコシフト,精神轉移,變化,0.0,1.0,10,,,,對方單體,將自己的異常狀態「中毒」、「劇毒」、「睡眠」、「麻痺」、「燒傷」轉移給對手，自己恢復正常。,,,超
496,サイコショック,精神衝擊,特殊,80.0,1.0,10,,,,對方單體,特殊攻擊，物理傷害。傷害根據自己的「特攻」與對手的「防禦」決定。,3.0,,超
497,サイコファング,精神之牙,物理,85.0,1.0,10,,,,對方單體,,,,超
498,サイコフィールド,精神場地,變化,0.0,0.0,10,,,,對方隨機,,,,超
499,サイコブレイク,精神擊破,特殊,100.0,1.0,10,,,,對方單體,特殊攻擊，物理傷害。傷害根據自己的「特攻」與對手的「防禦」決定。,,,超
500,サイコブースト,精神突進,特殊,140.0,0.9,5,,,,對方單體,攻擊命中後自已的「特攻」降低兩階級。,,,超
501,サイドチェンジ,交換場地,變化,0.0,0.0,15,2.0,,,隊友,將自己與同伴調換位置。「Triple Battle（トリプルバトル）」中自己位於中央時則會失敗（只有2側能互換）。,,,超
502,シンクロノイズ,同步干擾,特殊,120.0,1.0,10,,,,全場場地,使屬性與自己相同的Pokemon全部受到傷害。攻擊命中複數Pokemon時，威力降為0.75倍。,,,超
503,スキルスワップ,特性互換,變化,0.0,0.0,10,,,,對方單體,與對手互換特性。但對部份特性會失敗。,,,超
504,スピードスワップ,速度互換,變化,0.0,0.0,10,,,,對方單體,,,,超
505,スプーンまげ,折彎湯匙,變化,0.0,0.8,15,,,,對方單體,使對手的「命中率」降低一階級。,,,超
506,テレキネシス,意念移物,變化,0.0,0.0,15,,,,對方單體,使對手在3回合內處於「ふゆう（浮游）」狀態。期間內，對象Pokemon將不會受到地屬性招式擊中。但除「じわれ」、「ぜったいれいど」、「ハサミギロチン」、「つのドリル」以外的招式則必定命中。,,,超
507,テレポート,瞬間移動,變化,0.0,0.0,20,,,,隊友,結束與野生Pokemon的戰鬥。冒險中使用：能夠移動到最後經過的Pokemon Centre（在洞窟等場所無法使用）。,,,超
508,トリック,戲法,變化,0.0,1.0,10,,,,對方單體,將對手攜帶的道具與自己的道具交換。,,,超
509,トリックルーム,戲法空間,變化,0.0,0.0,5,,,,對方隨機,在5回合內，改由「速度」較低者先發動攻擊。不過，先制攻擊招式仍可先出招。在有效期間內再次使用此招式可使效果消失。,92.0,,超
510,ドわすれ,瞬間失憶,變化,0.0,0.0,20,,,,隊友,使自己的「特防」提升兩階級。,,,超
511,ハートスタンプ,愛心印章,物理,60.0,1.0,25,,,,對方單體,有30%機率引發使對手產生「畏懼」反應的追加效果。,,,超
512,ハートスワップ,心靈互換,變化,0.0,0.0,10,,,,對方單體,自己與對手交換所有能力的能力等級。,,,超
513,バリアー,屏障,變化,0.0,0.0,20,,,,隊友,使自己的「防禦」提升兩階級。,,,超
514,パワーシェア,力量平分,變化,0.0,0.0,10,,,,對方單體,將自己與對手的「攻擊」、「特攻」相加後，互相擁有一半。,,,超
515,パワースワップ,力量互換,變化,0.0,0.0,10,,,,對方單體,使對手與自己的「攻擊」、「特攻」之能力變化狀況互換。,,,超
516,パワートリック,力量戲法,變化,0.0,0.0,10,,,,隊友,將「攻擊」與「防禦」之數值互換（能力變化狀況不會互換）。,,,超
517,プリズムレーザー,棱鏡鐳射,特殊,160.0,1.0,10,,,,對方單體,,,,超
518,マキシマムサイブレイカー,至高精神破壞波,物理,--,0.0,1,,,,對方單體,,,,超
519,マジックコート,魔法反射,變化,0.0,0.0,15,4.0,,,隊友,可反彈對手使用的變化招式。,,,超
520,マジックルーム,魔法空間,變化,0.0,0.0,10,,,,對方隨機,在5回合內使Pokemon所攜帶的道具不會發揮效果。有效期間內無法使用「なげつける」。在有效期間內再次使用此招式可使效果消失。,,,超
521,ミストボール,薄霧球,特殊,70.0,1.0,5,,,,對方單體,有50%機率引發使對手「特攻」降低一階級的追加效果。,,,超
522,ミラクルアイ,奇跡之眼,變化,0.0,0.0,40,,,,對方單體,攻擊後可忽視對手的迴避率。可使「超」系Pokemon的攻擊能夠擊中「惡」系的Pokemon。,,,超
523,ミラーコート,鏡面反射,特殊,--,1.0,20,,,,己方場地,將對手的特殊攻擊所造成的傷害，兩倍反彈至對手。必定為後攻。,,,超
524,ヨガのポーズ,瑜伽姿勢,變化,0.0,0.0,40,,,,隊友,使自己的「攻擊」提升一階級。,,,超
525,ラスターパージ,潔淨光芒,特殊,70.0,1.0,5,,,,對方單體,有50%機率引發使對手「特防」降低一階級的追加效果。,,,超
526,リフレクター,反射壁,變化,0.0,0.0,20,,,,全場場地,5回合內，對手的物理攻擊之傷害減半。即使使用此招之Pokemon被換下，效果仍會正常持續。「Double Battle（ダブルバトル）」、「Triple Battle（トリプルバトル）」中，效果將會減弱。,33.0,,超
527,ワンダールーム,奇妙空間,變化,0.0,0.0,10,,,,對方隨機,在5回合內，所有Pokemon的「防禦」與「特防」值互換。在有效期間內再次使用此招式可使效果消失。,,,超
528,いかりのこな,憤怒粉,變化,0.0,0.0,20,2.0,,,隊友,必定先出招。對手所有招式都將由自己承受。,,,蟲
529,いとをはく,吐絲,變化,0.0,0.95,40,,,,自身,使對手的「速度」降低兩階級。,,,蟲
530,かいふくしれい,回復指令,變化,0.0,0.0,10,,,,隊友,恢復自己HP最大值的2分之1。,,,蟲
531,かふんだんご,花粉團,特殊,90.0,1.0,15,,,,對方單體,,,,蟲
532,きゅうけつ,吸血,物理,80.0,1.0,10,,,,對方單體,給予對手之傷害值，有2分之1會轉換為自己的HP。,28.0,,蟲
533,ぎんいろのかぜ,銀色旋風,特殊,60.0,1.0,5,,,,對方單體,有10%機率引發自己「攻擊」、「防禦」、「特攻」、「特防」、「速度」提升一階級的追加效果。,,,蟲
534,こうげきしれい,攻擊指令,物理,90.0,1.0,15,,,,對方單體,較容易命中要害。,,,蟲
535,ぜったいほしょくかいてんざん,絕對捕食迴旋斬,物理,--,0.0,1,,,,對方單體,,,,蟲
536,ちょうのまい,蝶舞,變化,0.0,0.0,20,,,,隊友,使自己的「特攻」、「特防」、「速度」提升一階級。,,,蟲
537,であいがしら,迎頭一擊,物理,90.0,1.0,10,2.0,,,對方單體,,,,蟲
538,とどめばり,致命針刺,物理,50.0,1.0,25,,,,對方單體,以此招式打倒對手時。可使「攻擊」提升兩階級。,,,蟲
539,とびかかる,猛撲,物理,80.0,1.0,15,,,,對方單體,,,,蟲
540,とんぼがえり,急速折返,物理,70.0,1.0,20,,,,對方單體,攻擊後換上侯補的其他Pokemon。,89.0,,蟲
541,ねばねばネット,黏黏網,變化,0.0,0.0,20,,,,對方場地,能更換出場的對手之「速度」降低一階級，具有特性「ふゆう」或「飛」系的Pokemon不受影響。,,,蟲
542,ふんじん,粉塵,變化,0.0,1.0,20,1.0,,,對方單體,可使在該回合使用「火」屬性招式的對手，受到HP最大值4分之1的傷害。,,,蟲
543,ほたるび,螢火,變化,0.0,0.0,20,,,,隊友,使自己的「特攻」提升三階級。,,,蟲
544,ぼうぎょしれい,防禦指令,變化,0.0,0.0,10,,,,隊友,使自己的「防禦」、「特防」提升一階級。,,,蟲
545,まとわりつく,死纏爛打,特殊,20.0,1.0,20,,,,對方單體,4到5回合間，每回合結束時使對手受到HP最大值8分之1的損傷。期間內對手無法逃走。,83.0,,蟲
546,むしくい,蟲咬,物理,60.0,1.0,20,,,,對方單體,當對手攜帶可在戰鬥中發揮效果的「果實」時，使「果實」效果發揮在自己身上。,,,蟲
547,むしのさざめき,蟲鳴,特殊,90.0,1.0,10,,,,對方單體,有10%機率引發使對手「特防」降低一階級的追加效果。即時對手使出「みがわり」，攻擊依然可命中。,,,蟲
548,むしのていこう,蟲之抵抗,特殊,50.0,1.0,20,,,,自身,有100%機率引發使對手「特攻」降低一階級的追加效果，攻擊命中複數Pokemon時，威力降為0.75倍。,,,蟲
549,れんぞくぎり,連斬,物理,40.0,0.95,20,,,,對方單體,招式每次命中都可使招式威力增強為2倍（最高為120）。一旦落空，威力就會恢復原狀。,,,蟲
550,クモのす,蛛網,變化,0.0,0.0,10,,,,對方單體,對手將無法逃走，對戰時則將無法替換（交替效果取消）。,,,蟲
551,シグナルビーム,信號光束,特殊,75.0,1.0,15,,,,對方單體,有10%機率引發使對手陷入「混亂」狀態的追加效果。,,,蟲
552,シザークロス,十字剪,物理,80.0,1.0,15,,,,對方單體,普通的攻擊。,81.0,,蟲
553,ダブルニードル,雙針,物理,25.0,1.0,20,,,,對方單體,連續兩次的攻擊。有20%機率引發使對手陷入「中毒」狀態的追加效果。,,,蟲
554,ハードローラー,瘋狂滾壓,物理,65.0,1.0,20,,,,對方單體,有30%機率引發使對手產生「畏懼」反應的追加效果。對手使用「まるくなる」，威力增加為2倍。,,,蟲
555,ミサイルばり,飛彈針,物理,25.0,0.95,20,,,,對方單體,連續二到五次的攻擊。37.5%攻擊2或3次、12.5%攻擊4或5次。,,,蟲
556,メガホーン,超級角擊,物理,120.0,0.85,10,,,,對方單體,普通的攻擊。,,,蟲
557,いわおとし,落石,物理,50.0,0.9,15,,,,對方單體,普通的攻擊。,,,岩
558,いわなだれ,岩崩,物理,75.0,0.9,10,,,,自身,有30%的機率引發使對手產生「畏懼」反應的追加效果。攻擊命中複數Pokemon時，威力降為0.75倍。,80.0,,岩
559,うちおとす,擊落,物理,50.0,1.0,15,,,,對方單體,引發使「地」屬性攻擊可命中飛行系或具備「ふゆう」特性的Pokemon之追加效果。即使對手利用「そらをとぶ」或「とびはねる」等招式處於浮空狀態，依然可進行攻擊。,23.0,,岩
560,がんせきふうじ,岩石封鎖,物理,60.0,0.95,15,,,,對方單體,有100%機率引發使對手「速度」降低一階級的追加效果。,39.0,,岩
561,がんせきほう,岩石炮,物理,150.0,0.9,5,,,,對方單體,使用後的下一回合將無法行動。,,,岩
562,げんしのちから,原始之力,特殊,60.0,1.0,5,,,,對方單體,有10%機率引發自己「攻擊」、「防禦」、「特攻」、「特防」、「速度」提升一階級的追加效果。,,,岩
563,ころがる,滾動,物理,30.0,0.9,20,,,,對方單體,5回合連續攻擊對手，落空時結束（攻擊中無法進行指示 ）。每次攻擊命中對手後，傷害都增加為2倍（最高為480 ），使用「まるくなる」後再發動時，威力增加為2倍。,,,岩
564,すなあらし,沙暴,變化,0.0,0.0,10,,,,對方隨機,使天候在5回內處於「すなあらし（沙塵）」狀態。「すなあらし（沙塵）」狀態時，非「岩」、「鋼」、「地」系的Pokemon，每回合結束時會受到HP最大值16分之1的傷害。此外、「岩」系的Pokemon「特攻」增加為1.5倍。,37.0,,岩
565,もろはのずつき,雙刃頭錘,物理,150.0,0.8,5,,,,對方單體,自己也會受到給予對手傷害值2分之1的損傷。,,,岩
566,アクセルロック,沖岩,物理,40.0,1.0,20,1.0,,,對方單體,發動先制攻擊（雙方使出相同的招式時，以「速度」較高者優先 ）。,,,岩
567,ステルスロック,隱形岩,變化,0.0,0.0,20,,,,對方場地,對手每次更換Pokemon時都會受到HP最大值16分之1損傷。此效果造成的傷害會受到屬性適性影響。,,,岩
568,ストーンエッジ,尖石攻擊,物理,100.0,0.8,5,,,,對方單體,較容易命中要害。,71.0,,岩
569,ダイヤストーム,鑽石風暴,物理,100.0,0.95,5,,,,自身,有50%機率引發自身「防禦」提升一階級的追加效果。,,,岩
570,パワージェム,力量寶石,特殊,80.0,1.0,20,,,,對方單體,普通的攻擊。,,,岩
571,ロックカット,岩石打磨,變化,0.0,0.0,20,,,,隊友,使自己的「速度」提升兩階級。,69.0,,岩
572,ロックブラスト,岩石爆擊,物理,25.0,0.9,10,,,,對方單體,連續二到五次的攻擊。37.5%攻擊2或3次、12.5%攻擊4或5次。,,,岩
573,ワイドガード,廣域防守,變化,0.0,0.0,10,3.0,,,全場場地,使出招式的該回合，可防禦對手朝複數目標發動之攻擊。,,,岩
574,ワールズエンドフォール,毀天滅地巨岩墜,物理,--,0.0,1,,,,對方單體,,,,岩
575,あくむ,惡夢,變化,0.0,1.0,15,,,,對方單體,每回合結束時，對手的HP會以最大值4分之1的量持續減少，對手不在「睡眠」狀態時則不會發生效果。,,,鬼
576,あやしいかぜ,奇異之風,特殊,60.0,1.0,5,,,,對方單體,有10%機率引發自身所有能力（「攻擊」，「防禦」，「特攻」，「特防」，「速度」）提升一階級的追加效果。,,,鬼
577,あやしいひかり,奇異之光,變化,0.0,1.0,10,,,,對方單體,使對手陷入「混亂」狀態。,,,鬼
578,うらみ,怨恨,變化,0.0,1.0,10,,,,對方單體,使對手最後使出的招式之PP減少4。,,,鬼
579,おどろかす,驚嚇,物理,30.0,1.0,15,,,,對方單體,有30%機率引發使對手產生畏懼反應的追加效果。,,,鬼
580,おんねん,怨念,變化,0.0,0.0,5,,,,隊友,因對手的招式傷害而陷入「瀕死」狀態時，使該招式的pp變成0。,,,鬼
581,かげうち,影子偷襲,物理,40.0,1.0,30,1.0,,,對方單體,發動先制攻擊（雙方使出相同的招式時，以「速度」較高者優先）。,,,鬼
582,かげぬい,縫影,物理,80.0,1.0,10,,,,對方單體,,,,鬼
583,したでなめる,舌舔,物理,30.0,1.0,30,,,,對方單體,有30%機率引發使對手陷入「麻痺」狀態的追加效果。,,,鬼
584,しちせいだっこんたい,七星奪魂腿,物理,195.0,0.0,1,,,,對方單體,,,,鬼
585,たたりめ,禍不單行,特殊,65.0,1.0,10,,,,對方單體,可對處於異常狀態中的對手造成2倍傷害。,,,鬼
586,のろい,詛咒,變化,0.0,0.0,10,,,,己方場地,自己的「速度」降低一階級。「攻擊」、「防禦」提升一階級。「鬼」系的Pokemon使用時，自己的HP減少最大值的2分之1，但對手則會每回合持續減少HP最大值的4分之1。,,,鬼
587,みちづれ,同命,變化,0.0,0.0,5,,,,隊友,使用此招式後，因對手造成的傷害而陷入「瀕死」狀態時，對手也會變成「瀕死」狀態。,,,鬼
588,むげんあんやへのいざない,無盡暗夜之誘惑,物理,--,0.0,1,,,,對方單體,,,,鬼
589,ゴーストダイブ,潛靈奇襲,物理,90.0,1.0,10,,,,對方單體,第一回合隱藏姿態，第二回合發動攻擊。即使對手已使用「まもる」、「みきり」，攻擊依然可命中。對手使用「ちいさくなる」時則攻擊必定命中，且威力增加為2倍。,,,鬼
590,シャドーアローズストライク,遮天蔽日暗影箭,物理,180.0,0.0,1,,,,對方單體,,,,鬼
591,シャドークロー,暗影爪,物理,70.0,1.0,15,,,,對方單體,較容易命中要害。,65.0,,鬼
592,シャドースチール,暗影偷盜,物理,90.0,1.0,10,,,,對方單體,,,,鬼
593,シャドーダイブ,暗影潛襲,物理,120.0,1.0,5,,,,對方單體,每一回合躲藏，第二回合發動攻擊。即使對手使用「まもる」、「みきり」，攻擊依然可命中。,,,鬼
594,シャドーパンチ,暗影拳,物理,60.0,0.0,20,,,,對方單體,攻擊必定命中對手。,,,鬼
595,シャドーボール,暗影球,特殊,80.0,1.0,15,,,,對方單體,有20%機率引發使對手「特防」降低一階級的追加效果。,30.0,,鬼
596,シャドーボーン,暗影之骨,物理,85.0,1.0,10,,,,對方單體,,,,鬼
597,シャドーレイ,暗影之光,特殊,100.0,1.0,5,,,,對方單體,,,,鬼
598,ナイトヘッド,黑夜魔影,特殊,--,1.0,15,,,,對方單體,給予等同於自己等級數值的固定傷害。,,,鬼
599,ハロウィン,萬聖夜,變化,0.0,1.0,20,,,,對方單體,為對手追加「鬼」系屬性。,,,鬼
600,あくうせつだん,亞空裂斬,特殊,100.0,0.95,5,,,,對方單體,較容易命中要害。,,,龍
601,げきりん,逆鱗,物理,120.0,1.0,10,,,,我方全員,2到3回合連續攻擊（攻擊中無法操作）。效果結束後，自己陷入「混亂」狀態。,,,龍
602,たつまき,龍捲風,特殊,40.0,1.0,20,,,,自身,有20%機率引發使對手產生「畏懼」反應的追加效果。即使對手利用「そらをとぶ」或「とびはねる」等招式處於浮空狀態，依然可進行攻擊。而且威力增加為2倍。攻擊命中複數Pokemon時，威力降為0.75倍。,,,龍
603,ときのほうこう,時光咆哮,特殊,150.0,0.9,5,,,,對方單體,使用後，下一回合將無法行動。,,,龍
604,りゅうせいぐん,流星群,特殊,130.0,0.9,5,,,,對方單體,使自己的「特攻」降低兩階級。,,,龍
605,りゅうのいかり,龍之怒,特殊,--,1.0,10,,,,對方單體,給予固定為40點的傷害。,,,龍
606,りゅうのいぶき,龍息,特殊,60.0,1.0,20,,,,對方單體,有30%機率引發使對手陷入「麻痺」狀態的追加效果。,,,龍
607,りゅうのはどう,龍之波動,特殊,85.0,1.0,10,,,,對方單體,普通的攻擊。,,,龍
608,りゅうのまい,龍之舞,變化,0.0,0.0,20,,,,隊友,使自己的「攻擊」、「速度」提升一階級。,,,龍
609,アルティメットドラゴンバーン,究極巨龍震天地,物理,--,0.0,1,,,,對方單體,,,,龍
610,コアパニッシャー,核心懲罰者,特殊,100.0,1.0,10,,,,自身,,,,龍
611,スケイルノイズ,鱗片噪音,特殊,110.0,1.0,5,,,,自身,,,,龍
612,ダブルチョップ,二連劈,物理,40.0,0.9,15,,,,對方單體,連續兩次的攻擊。,,,龍
613,ドラゴンクロー,龍爪,物理,80.0,1.0,15,,,,對方單體,普通的攻擊。,2.0,,龍
614,ドラゴンダイブ,龍之俯衝,物理,100.0,0.75,10,,,,對方單體,有20%機率引發使對手產生「畏懼」反應的追加效果。對手使用「ちいさくなる」時則攻擊必定命中。而且威力增加為2倍。,,,龍
615,ドラゴンテール,龍尾,物理,60.0,0.9,10,,,,對方單體,引發與野生Pokemon結束戰鬥的追加效果。在訓練家戰中可強制對手更換Pokemon，但對手沒有可更換的Pokemon時則不會發生追加效果。當野生Pokemon的等級高於我方，或是遇到複數野生Pokemon時則不會發生追加效果。,82.0,,龍
616,ドラゴンハンマー,龍錘,物理,90.0,1.0,15,,,,對方單體,,,,龍
617,あくのはどう,惡之波動,特殊,80.0,1.0,15,,,,對方單體,有20%機率引發使對手產生「畏懼」反應的追加效果。,97.0,,惡
618,いじげんラッシュ,異次元猛攻,物理,100.0,0.0,5,,,,對方單體,,,,惡
619,いちゃもん,無理取鬧,變化,0.0,1.0,15,,,,對方單體,使對手陷入「無法連續使用同一招式」的狀態。,41.0,,惡
620,うそなき,假哭,變化,0.0,1.0,20,,,,對方單體,使對手的「特防」降低兩階級。,,,惡
621,おいうち,追打,物理,40.0,1.0,20,,,,對方單體,當對手更換Pokemon時，攻擊將要退下的Pokemon，招式威力增加為2倍。,,,惡
622,おきみやげ,臨別禮物,變化,0.0,1.0,10,,,,對方單體,自己陷入「瀕死」狀態，但同時可使對手的「攻擊」、「特攻」降低兩階級。,,,惡
623,おしおき,懲罰,物理,--,1.0,5,,,,對方單體,對手的能力提升愈多，則威力愈強（最高為200）。,,,惡
624,おだてる,吹捧,變化,0.0,1.0,15,,,,對方單體,雖然可使對手陷入「混亂」狀態，但也會讓對手「特攻」提升一階級。,,,惡
625,かみくだく,咬碎,物理,80.0,1.0,15,,,,對方單體,有20%機率引發使對手「防禦」降低一階級的追加效果。,,,惡
626,かみつく,咬住,物理,60.0,1.0,25,,,,對方單體,有30%機率引發使對手產生「畏懼」反應的追加效果。,,,惡
627,さきおくり,延後,變化,0.0,1.0,15,,,,對方單體,可無視「速度」影響，將對象Pokemon的行動強制移到最後，限該回合有效。對已經結束行動的Pokemon使用則會失敗。,60.0,,惡
628,さしおさえ,查封,變化,0.0,1.0,15,,,,對方單體,使對手在5回合內無法使用道具。訓練家也無法對該Pokemon使用。,63.0,,惡
629,しっぺがえし,以牙還牙,物理,50.0,1.0,10,,,,對方單體,比對手晚出招時，威力增加為2倍。,66.0,,惡
630,じごくづき,地獄突刺,物理,80.0,1.0,15,,,,對方單體,,,,惡
631,すてゼリフ,拋下狠話,變化,0.0,1.0,20,,,,對方單體,使對的「攻擊」、「特攻」降低一階級後，自己也會換成侯補其他的Pokemon，即使對手使出「みがわり」，攻擊依然可命中。,,,惡
632,すりかえ,掉包,變化,0.0,1.0,10,,,,對方單體,將對手攜帶的道具與自己的道具交換。,,,惡
633,だましうち,出奇一擊,物理,60.0,0.0,20,,,,對方單體,攻擊必定命中對手。,,,惡
634,ちょうはつ,挑釁,變化,0.0,1.0,20,,,,對方單體,使對手在3回合內只能使出攻擊招式。,12.0,,惡
635,つけあがる,囂張,物理,20.0,1.0,10,,,,對方單體,,,,惡
636,つじぎり,暗襲要害,物理,70.0,1.0,15,,,,對方單體,較容易命中要害。,,,惡
637,つめとぎ,磨爪,變化,0.0,0.0,15,,,,隊友,使自己的「攻擊」與「命中率」提升一階級。,,,惡
638,どろぼう,小偷,物理,60.0,1.0,25,,,,對方單體,當對手擁有道具而且自己沒有攜帶道具時，可套取道具佔為己有。對手沒有攜帶道具時則是普通的攻擊。,46.0,,惡
639,なげつける,投擲,物理,--,1.0,10,,,,對方單體,將攜帶的道具丟向對手進行攻擊。招式威力與效果會根據道具不同而改變。,56.0,,惡
640,はたきおとす,拍落,物理,65.0,1.0,20,,,,對方單體,使對手變成沒有攜帶道具的狀態。可給予帶著道具的對手1.5倍的傷害。戰鬥後，道具會恢復原狀。,,,惡
641,ひっくりかえす,顛倒,變化,0.0,0.0,20,,,,對方單體,使對手的能力變化狀況發生逆轉。,,,惡
642,ふいうち,突襲,物理,70.0,1.0,5,1.0,,,對方單體,對手所選的招式為攻擊招式時可發動先制攻擊。使對手受到傷害。非攻擊招式則會失敗。,,,惡
643,ふくろだたき,圍攻,物理,--,1.0,10,,,,對方單體,攻擊次數為包含自己在內的，隊伍中Pokemon的數量，「瀕死」狀態與陷入異常狀態的Pokemon不算在內。 威力=（該Pokemon攻擊力÷10）+5。,,,惡
644,ぶんまわす,狂舞揮打,物理,60.0,1.0,20,,,,全場場地,,59.0,,惡
645,よこどり,搶奪,變化,0.0,0.0,10,4.0,,,隊友,發動先制攻擊。使其他Pokemon在該回合使用的治療招式，能力變化招式之效果歸為己有。,,,惡
646,わるだくみ,詭計,變化,0.0,0.0,20,,,,隊友,使自己的「特攻」提升兩階級。,,,惡
647,イカサマ,欺詐,物理,95.0,1.0,15,,,,對方單體,利用對手的「攻擊」進行攻擊。傷害將根據對手的「攻擊」與「防禦」值而改變。,,,惡
648,ダメおし,惡意追擊,物理,60.0,1.0,10,,,,對方單體,對手在該回合已受過傷害時，威力增加為2倍。,,,惡
649,ダークホール,暗黑洞,變化,0.0,0.5,10,,,,自身,使對手陷入「睡眠」狀態。,,,惡
650,ナイトバースト,暗黑爆破,特殊,85.0,0.95,10,,,,對方單體,有40%機率引發使對手的命中率降低一階級的追加效果。,,,惡
651,ハイパーダーククラッシャー,極惡飛躍粉碎擊,物理,180.0,0.0,1,,,,對方單體,,,,惡
652,バークアウト,大聲咆哮,特殊,55.0,0.95,15,,,,自身,有100%機率引發使對手「特攻」降低一階級的追加效果。即使對手使用「みがわり」，攻擊仍可命中。攻擊命中複數Pokemon時，威力降為0.75倍。,95.0,,惡
653,ブラックホールイクリプス,黑洞吞噬萬物滅,物理,--,0.0,1,,,,對方單體,,,,惡
654,ＤＤラリアット,ＤＤ金勾臂,物理,85.0,1.0,10,,,,對方單體,,,,惡
655,きんぞくおん,金屬音,變化,0.0,0.85,40,,,,對方單體,使對手的「特防」降低兩階級。即使對手發出「みがわり」，攻勢依然可命中。,,,鋼
656,ちょうぜつらせんれんげき,超絕螺旋連擊,物理,--,0.0,1,,,,對方單體,,,,鋼
657,てっぺき,鐵壁,變化,0.0,0.0,15,,,,隊友,使自己的「防禦」提升兩階級。,,,鋼
658,はがねのつばさ,鋼翼,物理,70.0,0.9,25,,,,對方單體,有10%機率引發使自己「防禦」提升一階級的追加效果。,51.0,,鋼
659,はめつのねがい,破滅之願,特殊,140.0,1.0,5,,,,對方單體,使用後兩回合完結時，對手受到傷害。無論自己或對手替換依然有效。,,,鋼
660,アイアンテール,鐵尾,物理,100.0,0.75,15,,,,對方單體,有30%機率引發使對手「防禦」降低一階級的追加效果。,,,鋼
661,アイアンヘッド,鐵頭,物理,80.0,1.0,15,,,,對方單體,有30%機率引發使對手產生「畏懼」反應的追加效果。,,,鋼
662,アシストギア,輔助齒輪,變化,0.0,0.0,20,,,,對方全體,,,,鋼
663,アンカーショット,擲錨,物理,80.0,1.0,20,,,,對方單體,,,,鋼
664,キングシールド,王者盾牌,變化,0.0,0.0,10,4.0,,,隊友,該回合防禦對手的攻擊招式，而且對手以直接攻擊招式命中時，「攻擊」將會降低兩階級。,,,鋼
665,ギアソーサー,齒輪飛盤,物理,50.0,0.85,15,,,,對方單體,連續兩次的攻擊。,,,鋼
666,ギアチェンジ,換擋,變化,0.0,0.0,10,,,,隊友,使自己的「攻擊」提升一階級、「速度」提升兩階級。,,,鋼
667,コメットパンチ,彗星拳,物理,90.0,0.9,10,,,,對方單體,有20%機率引發使自己「攻擊」提升一階級的追加效果。,,,鋼
668,ジャイロボール,陀螺球,物理,--,1.0,5,,,,對方單體,自己的「速度」低於對手愈多，則威力愈大（最高為150 ）。威力=對手目前速度×25÷自己目前速度（捨棄小數點）。威力1~150。,74.0,,鋼
669,スマートホーン,修長之角,物理,70.0,0.0,10,,,,對方單體,,67.0,,鋼
670,バレットパンチ,子彈拳,物理,40.0,1.0,30,1.0,,,對方單體,發動先制攻擊（雙方使出相同的招式時，以「速度」較高者優先）。,,,鋼
671,ヘビーボンバー,重磅衝撞,物理,--,1.0,10,,,,對方單體,自身重量高於對象越多，威力越大；自身重量/對象重量>=5 120威力；自身重量/對象重量>=4 100威力；自身重量/對象重量>=3 80威力；自身重量/對象重量>=2 60威力；自身重量/對象重量<2 40威力,,,鋼
672,ボディパージ,身體輕量化,變化,0.0,0.0,15,,,,隊友,使自己的「速度」提升兩階級，重量-100kg。,,,鋼
673,マグネットボム,磁鐵炸彈,物理,60.0,0.0,20,,,,對方單體,攻擊必定命中對手。,,,鋼
674,ミラーショット,鏡光射擊,特殊,65.0,0.85,10,,,,對方單體,有30%機率引發使對手「命中率」降低一階級的追加效果。,,,鋼
675,メタルクロー,金屬爪,物理,50.0,0.95,35,,,,對方單體,有10%機率引發使自己「攻擊」提升一階級的追加效果。,,,鋼
676,メタルバースト,金屬爆炸,物理,--,1.0,10,,,,己方場地,將自己在該回合中最後受到的傷害，以1.5倍還擊。,,,鋼
677,メテオドライブ,流星閃沖,物理,100.0,1.0,5,,,,對方單體,,,,鋼
678,ラスターカノン,加農光炮,特殊,80.0,1.0,10,,,,對方單體,有10%機率引發使對手「特防」降低一階級的追加效果。,91.0,,鋼
679,あまえる,撒嬌,變化,0.0,1.0,20,,,,對方單體,使對手的「攻擊」降低兩階級。,,,妖
680,しぜんのいかり,自然之怒,特殊,--,0.9,10,,,,對方單體,,,,妖
681,じゃれつく,嬉鬧,物理,90.0,0.9,10,,,,對方單體,有10%機率引發使對手「攻擊」降低一階級的追加效果。,,,妖
682,つきのひかり,月光,變化,0.0,0.0,5,,,,隊友,恢復自己HP最大值的2分之1，效果會因天候改變，「ひざしがつよい（晴天）」時為3分之2，「あめ（下雨）」、「あられ（冰雹）」、「すなあらし（沙塵）」時則是4分之1。,,,妖
683,つぶらなひとみ,圓瞳,變化,0.0,1.0,30,1.0,,,對方單體,發動先制攻擊。另外可使對手的「攻擊」降低一階級。,,,妖
684,てんしのキッス,天使之吻,變化,0.0,0.75,10,,,,對方單體,使對手陷入「混亂」狀態。,,,妖
685,はめつのひかり,破滅之光,特殊,140.0,0.9,5,,,,對方單體,自己也會受到給予對手傷害值2分之1的損傷。,,,妖
686,ようせいのかぜ,妖精之風,特殊,40.0,1.0,30,,,,對方單體,普通的攻擊。,,,妖
687,アロマミスト,芳香薄霧,變化,0.0,0.0,20,,,,不定,使同伴的「特防」提升一階級。,,,妖
688,ガーディアン・デ・アローラ,巨人衛士・阿羅拉,特殊,--,0.0,1,,,,對方單體,,,,妖
689,ジオコントロール,大地掌控,變化,0.0,0.0,10,,,,隊友,第一回合蓄力，第二回合時使自己的「特攻」、「特防」、「速度」提升兩階級。,,,妖
690,チャームボイス,魅惑之聲,特殊,40.0,0.0,15,,,,自身,攻擊必定命中對手。即使對手使出「みがわり」，攻擊依然可命中。攻擊命中複數Pokemon時，威力降為0.75倍。,,,妖
691,トリックガード,戲法防守,變化,0.0,0.0,10,3.0,,,全場場地,該回合防禦對手的變化招式（同伴受攻擊時也能防禦）。無法防禦攻擊招式。,,,妖
692,ドレインキッス,吸取之吻,特殊,50.0,1.0,10,,,,對方單體,給予對手之傷害值，有4分之3會轉換為自己的HP。,,,妖
693,フェアリーロック,妖精之鎖,變化,0.0,0.0,10,,,,對方隨機,對手下一回合將無法逃走。訓練家戰時則無法替換。,,,妖
694,フラワーガード,鮮花防守,變化,0.0,0.0,10,,,,全場場地,「草」屬性的「防禦」提升一階級。,,,妖
695,フラワーヒール,花療,變化,0.0,0.0,10,,,,對方單體,,,,妖
696,フルールカノン,花朵加農炮,特殊,130.0,0.9,5,,,,對方單體,,,,妖
697,マジカルシャイン,魔法閃耀,特殊,80.0,1.0,10,,,,自身,攻擊命中複數Pokemon時，威力降為0.75倍。,99.0,,妖
698,ミストフィールド,薄霧場地,變化,0.0,0.0,10,,,,對方隨機,5回合內，在地面上的Pokemon，「龍」屬性招式所受傷害將減半，而且不會陷入異常狀態。,,,妖
699,ムーンフォース,月亮之力,特殊,95.0,1.0,15,,,,對方單體,有10%機率引發使對手「特攻」降低一階級的追加效果。,,,妖
700,ラブリースターインパクト,可愛星星飛天撞,物理,--,0.0,1,,,,對方單體,,,,妖
